,kahu,date,discharge,arki,3day_arki,kahu,3day_kahu,90day_kahu
0,0.0,2010-05-31,0.3681190110000032,0.0,3.4333333333333336,0.0,7.066666666666666,1.0266666666666668
1,2.4,2010-06-04,0.2548516230000023,0.0,0.0,2.4,0.7999999999999999,1.0366666666666666
2,8.2,2010-06-05,0.3681190110000032,0.0,0.0,8.2,3.533333333333333,1.1277777777777778
3,0.0,2010-06-06,0.2831684700000025,0.0,0.0,0.0,3.533333333333333,1.1277777777777778
4,0.0,2010-06-07,0.5097032460000046,0.0,0.0,0.0,2.733333333333333,1.1277777777777778
5,85.5,2010-06-08,68.15865072900061,122.0,40.66666666666666,85.5,28.5,2.077777777777778
6,62.5,2010-06-09,21.662387955000195,69.0,63.66666666666666,62.5,49.333333333333336,2.772222222222222
7,0.5,2010-06-10,6.229706340000056,0.0,63.66666666666666,0.5,49.5,2.7777777777777777
8,0.0,2010-06-11,3.709506957000033,0.0,23.0,0.0,21.0,2.7777777777777777
9,0.0,2010-06-12,3.086536323000028,0.0,0.0,0.0,0.1666666666666666,2.7777777777777777
10,1.5,2010-06-14,3.029902629000027,0.0,0.0,1.5,0.5,2.7944444444444443
11,0.7,2010-06-15,2.690100465000024,0.0,0.0,0.7,0.7333333333333334,2.802222222222222
12,0.0,2010-06-16,2.548516230000023,0.0,0.0,0.0,0.7333333333333334,2.802222222222222
13,0.0,2010-06-17,2.5201993830000227,0.0,0.0,0.0,0.2333333333333333,2.802222222222222
14,1.5,2010-06-21,1.783961361000016,0.0,0.0,1.5,0.5,2.818888888888889
15,0.0,2010-06-22,1.6990108200000151,0.0,0.0,0.0,0.5,2.818888888888889
16,6.9,2010-06-23,2.3219814540000208,0.0,0.0,6.9,2.8000000000000003,2.895555555555556
17,40.0,2010-06-24,4.50237867300004,0.0,0.0,40.0,15.633333333333333,3.3400000000000003
18,0.0,2010-06-25,2.888318394000026,0.0,0.0,0.0,15.633333333333333,3.3400000000000003
19,0.0,2010-06-26,2.491882536000022,0.0,0.0,0.0,13.333333333333334,3.3400000000000003
20,28.0,2010-06-28,3.8510911920000335,0.0,0.0,28.0,9.333333333333334,3.651111111111111
21,0.5,2010-06-29,2.775051006000025,0.0,0.0,0.5,9.5,3.6566666666666663
22,0.0,2010-06-30,2.378615148000021,0.0,0.0,0.0,9.5,3.6566666666666663
23,0.4,2010-07-01,2.690100465000024,12.0,4.0,0.4,0.3,3.661111111111111
24,2.2,2010-07-02,2.916635241000026,0.0,4.0,2.2,0.8666666666666667,3.6855555555555553
25,0.0,2010-07-03,1.868911902000017,0.0,4.0,0.0,0.8666666666666667,3.6855555555555553
26,0.0,2010-07-04,1.7556445140000156,0.0,0.0,0.0,0.7333333333333334,3.6855555555555553
27,35.0,2010-07-05,17.018425047000154,24.4,8.133333333333333,35.0,11.666666666666666,4.0744444444444445
28,46.7,2010-07-06,95.37114069600084,39.1,21.166666666666668,46.7,27.23333333333333,4.593333333333333
29,49.5,2010-07-07,46.213094304000414,31.0,31.5,49.5,43.73333333333333,5.143333333333333
30,13.0,2010-07-08,16.706939730000148,4.0,24.7,13.0,36.4,5.2877777777777775
31,0.0,2010-07-09,10.16574807300009,0.0,11.666666666666666,0.0,20.83333333333333,5.2877777777777775
32,8.7,2010-07-10,10.873669248000096,0.0,1.3333333333333333,8.7,7.233333333333333,5.384444444444445
33,2.7,2010-07-11,6.965944362000062,0.0,0.0,2.7,3.8,5.414444444444444
34,1.2,2010-07-12,6.880993821000062,2.4,0.7999999999999999,1.2,4.2,5.427777777777778
35,1.4,2010-07-13,5.465151471000048,0.6,1.0,1.4,1.7666666666666666,5.443333333333333
36,0.0,2010-07-14,4.41742813200004,0.0,1.0,0.0,0.8666666666666666,5.443333333333333
37,0.0,2010-07-15,6.73940958600006,0.0,0.1999999999999999,0.0,0.4666666666666666,5.443333333333333
38,0.0,2010-07-16,6.5695085040000585,8.0,2.6666666666666665,0.0,0.0,5.443333333333333
39,19.7,2010-07-17,8.551687794000076,0.2,2.733333333333333,19.7,6.566666666666666,5.662222222222223
40,0.0,2010-07-18,4.247527050000038,0.1,2.766666666666667,0.0,6.566666666666666,5.662222222222223
41,0.0,2010-07-19,40.32319012800036,0.0,0.1,0.0,6.566666666666666,5.662222222222223
42,11.0,2010-07-20,18.09446523300016,2.2,0.7666666666666667,11.0,3.6666666666666665,5.754444444444444
43,15.7,2010-07-21,11.949709434000107,20.7,7.633333333333333,15.7,8.9,5.923333333333334
44,0.0,2010-07-22,7.588914996000068,0.0,7.633333333333333,0.0,8.9,5.923333333333334
45,0.0,2010-07-23,6.484557963000058,0.2,6.966666666666666,0.0,5.233333333333333,5.923333333333334
46,0.0,2010-07-24,52.61270172600047,0.0,0.0666666666666666,0.0,0.0,5.923333333333334
47,67.0,2010-07-25,40.86121022100036,6.0,2.066666666666667,67.0,22.33333333333333,6.667777777777778
48,0.95,2010-07-26,27.97704483600025,2.8,2.9333333333333336,0.95,22.65,6.678333333333334
49,12.2,2010-07-27,68.64003712800061,16.2,8.333333333333334,12.2,26.71666666666667,6.813888888888889
50,24.8,2010-07-28,28.911500787000257,19.5,12.833333333333334,24.8,12.65,7.089444444444445
51,2.3,2010-07-29,19.368723348000174,3.5,13.066666666666668,2.3,13.1,7.115
52,0.0,2010-07-30,115.56105260700105,0.0,7.666666666666667,0.0,9.033333333333331,7.115
53,74.5,2010-07-31,111.851545650001,15.2,6.233333333333333,74.5,25.6,7.935
54,2.4,2010-08-01,44.8255688010004,0.0,5.066666666666666,2.4,25.633333333333336,7.961666666666666
55,1.6,2010-08-02,34.97130604500031,5.0,6.733333333333333,1.6,26.166666666666668,7.979444444444444
56,6.6,2010-08-03,34.093483788000306,14.0,6.333333333333333,6.6,3.533333333333333,8.052777777777777
57,1.5,2010-08-04,35.02793973900031,11.8,10.266666666666667,1.5,3.233333333333333,8.069444444444445
58,0.8,2010-08-05,48.421808370000434,2.0,9.266666666666667,0.8,2.966666666666667,7.731666666666667
59,25.7,2010-08-06,70.59389957100063,20.2,11.333333333333334,25.7,9.333333333333334,7.795000000000001
60,28.5,2010-08-07,48.84656107500044,17.0,13.066666666666668,28.5,18.33333333333333,8.111666666666668
61,0.0,2010-08-08,36.75526740600033,0.0,12.4,0.0,18.066666666666663,8.111666666666668
62,0.0,2010-08-09,27.89209429500025,0.0,5.666666666666667,0.0,9.5,8.038333333333334
63,0.0,2010-08-10,22.7667449880002,5.0,1.6666666666666667,0.0,0.0,8.038333333333334
64,0.0,2010-08-11,26.19308347500024,0.0,1.6666666666666667,0.0,0.0,8.038333333333334
65,14.4,2010-08-12,58.41765536100052,19.0,8.0,14.4,4.8,8.198333333333334
66,9.8,2010-08-13,50.149136037000446,0.0,6.333333333333333,9.8,8.066666666666668,8.307222222222222
67,0.5,2010-08-14,45.92992583400041,5.0,8.0,0.5,8.233333333333334,8.312777777777777
68,0.0,2010-08-15,40.32319012800036,1.0,2.0,0.0,3.4333333333333336,8.312777777777777
69,0.7,2010-08-16,30.83704638300028,1.0,2.333333333333333,0.7,0.3999999999999999,8.320555555555556
70,1.9,2010-08-17,30.75209584200028,0.0,0.6666666666666666,1.9,0.8666666666666666,8.252777777777778
71,0.8,2010-08-18,25.74001392300023,14.0,5.0,0.8,1.1333333333333333,8.261666666666667
72,1.6,2010-08-19,23.50298301000021,4.0,6.0,1.6,1.4333333333333336,8.279444444444444
73,0.0,2010-08-20,28.684966011000256,15.5,11.166666666666666,0.0,0.7999999999999999,8.279444444444444
74,1.0,2010-08-21,50.29072027200045,8.0,9.166666666666666,1.0,0.8666666666666667,8.290555555555555
75,6.6,2010-08-22,95.71094286000086,8.0,10.5,6.6,2.533333333333333,8.363888888888889
76,7.0,2010-08-23,63.23151935100056,10.0,8.666666666666666,7.0,4.866666666666666,8.441666666666666
77,0.5,2010-08-24,96.81529989300088,1.5,6.5,0.5,4.7,8.447222222222223
78,4.8,2010-08-25,52.21626586800047,4.2,5.233333333333333,4.8,4.1000000000000005,8.500555555555556
79,8.9,2010-08-26,43.43804329800039,0.0,1.9,8.9,4.733333333333333,8.599444444444446
80,0.0,2010-08-27,34.093483788000306,3.0,2.4,0.0,4.566666666666666,8.363888888888889
81,0.0,2010-08-28,27.467341590000245,0.0,1.0,0.0,2.9666666666666663,8.363888888888889
82,0.0,2010-08-29,21.29426894400019,0.0,1.0,0.0,0.0,8.363888888888889
83,0.5,2010-09-02,21.379219485000192,8.0,2.6666666666666665,0.5,0.1666666666666666,8.342777777777778
84,1.5,2010-09-03,24.918825360000223,5.0,4.333333333333333,1.5,0.6666666666666666,8.268333333333334
85,9.0,2010-09-04,26.73110356800024,11.0,8.0,9.0,3.6666666666666665,8.368333333333334
86,0.0,2010-09-05,26.41961825100024,0.0,5.333333333333333,0.0,3.5,8.368333333333334
87,10.0,2010-09-06,28.09031222400025,4.0,5.0,10.0,6.333333333333333,7.529444444444445
88,0.0,2010-09-07,28.826550246000256,0.0,1.3333333333333333,0.0,3.333333333333333,6.835000000000001
89,3.0,2010-09-08,32.904176214000294,2.0,2.0,3.0,4.333333333333333,6.8627777777777785
90,0.0,2010-09-09,27.297440508000243,0.0,0.6666666666666666,0.0,1.0,6.8627777777777785
91,1.0,2010-09-10,23.53129985700021,0.0,0.6666666666666666,1.0,1.3333333333333333,6.87388888888889
92,2.8,2010-09-11,44.8538856480004,0.0,0.0,2.8,1.2666666666666666,6.905
93,7.1,2010-09-12,37.18002011100033,2.0,0.6666666666666666,7.1,3.633333333333333,6.967222222222223
94,3.6,2010-09-13,48.11032305300043,7.0,3.0,3.6,4.5,6.999444444444445
95,20.7,2010-09-14,36.55704947700033,1.0,3.333333333333333,20.7,10.466666666666669,7.229444444444444
96,7.2,2010-09-15,29.761006197000267,0.0,2.6666666666666665,7.2,10.5,7.309444444444445
97,0.0,2010-09-16,26.33466771000024,0.0,0.3333333333333333,0.0,9.3,7.309444444444445
98,0.0,2010-09-17,23.75783463300021,0.0,0.0,0.0,2.4,7.309444444444445
99,5.5,2010-09-20,21.43585317900019,0.0,0.0,5.5,1.8333333333333333,7.353888888888889
100,0.0,2010-09-21,18.405950550000163,0.0,0.0,0.0,1.8333333333333333,7.277222222222223
101,17.0,2010-09-22,262.1573695260024,42.0,14.0,17.0,7.5,7.021666666666667
102,41.9,2010-09-23,157.1018671560014,39.0,27.0,41.9,19.633333333333333,7.487222222222223
103,0.0,2010-09-24,70.16914686600063,0.0,27.0,0.0,19.633333333333333,7.487222222222223
104,1.0,2010-09-25,57.79468472700052,0.0,13.0,1.0,14.3,7.498333333333334
105,0.0,2010-09-26,50.94200775300045,0.0,0.0,0.0,0.3333333333333333,7.187222222222222
106,0.0,2010-09-27,40.01170481100036,0.0,0.0,0.0,0.3333333333333333,7.181666666666667
107,0.0,2011-05-31,1.472476044000013,0.0,1.6666666666666667,0.0,2.399999999999998,1.4111111111111112
108,8.5,2011-06-01,1.7556445140000156,10.0,5.0,8.5,5.233333333333332,1.4855555555555555
109,31.3,2011-06-02,3.681190110000033,4.0,4.666666666666667,31.3,13.266666666666666,1.551111111111111
110,0.0,2011-06-03,3.171486864000028,0.0,4.666666666666667,0.0,13.266666666666666,1.551111111111111
111,0.0,2011-06-04,2.803367853000025,0.0,1.3333333333333333,0.0,10.433333333333332,1.551111111111111
112,12.0,2011-06-08,1.217624421000011,5.0,1.6666666666666667,12.0,3.999999999999998,1.6844444444444444
113,0.0,2011-06-09,1.444159197000013,0.0,1.6666666666666667,0.0,3.999999999999998,1.6844444444444444
114,2.5,2011-06-10,1.472476044000013,22.0,9.0,2.5,4.833333333333331,1.712222222222222
115,0.0,2011-06-11,1.5007928910000137,0.0,7.333333333333333,0.0,0.8333333333333309,1.712222222222222
116,13.7,2011-06-12,4.020992274000036,15.0,12.333333333333334,13.7,5.399999999999998,1.8644444444444448
117,0.0,2011-06-13,3.34138794600003,0.0,5.0,0.0,4.566666666666664,1.8644444444444448
118,0.0,2011-06-14,2.010496137000018,0.0,5.0,0.0,4.566666666666664,1.8644444444444448
119,28.4,2011-06-15,4.247527050000038,15.0,5.0,28.4,9.466666666666663,2.18
120,25.5,2011-06-16,33.2439783780003,28.0,14.333333333333334,25.5,17.966666666666665,2.4633333333333334
121,7.3,2011-06-17,79.45707268200071,27.0,23.33333333333333,7.3,20.399999999999995,2.5444444444444443
122,4.8,2011-06-18,13.252284396000118,2.0,19.0,4.8,12.533333333333331,2.597777777777778
123,0.0,2011-06-19,6.852676974000061,0.0,9.666666666666666,0.0,4.0333333333333306,2.597777777777778
124,0.0,2011-06-20,4.389111285000039,0.0,0.6666666666666666,0.0,1.5999999999999976,2.597777777777778
125,1.0,2011-06-23,3.652873263000033,0.0,0.0,1.0,0.333333333333331,2.608888888888889
126,17.1,2011-06-24,4.785547143000043,0.0,0.0,17.1,6.033333333333331,2.798888888888889
127,0.0,2011-06-25,3.567922722000032,0.0,0.0,0.0,6.033333333333331,2.798888888888889
128,0.0,2011-06-26,5.097032460000046,0.0,0.0,0.0,5.699999999999998,2.798888888888889
129,30.4,2011-06-27,3.992675427000036,10.0,3.333333333333333,30.4,10.133333333333333,3.1366666666666667
130,0.0,2011-06-28,5.833270482000052,0.0,3.333333333333333,0.0,10.133333333333333,2.97
131,30.2,2011-06-29,12.232877904000109,4.0,4.666666666666667,30.2,20.2,3.305555555555556
132,38.0,2011-06-30,10.22238176700009,21.0,8.333333333333334,38.0,22.73333333333333,3.727777777777778
133,0.0,2011-07-01,6.909310668000062,0.0,8.333333333333334,0.0,22.73333333333333,3.727777777777778
134,0.0,2011-07-02,6.427924269000058,0.0,7.0,0.0,12.666666666666664,3.7233333333333336
135,0.0,2011-07-04,4.360794438000039,8.0,2.6666666666666665,0.0,0.0,3.7233333333333336
136,0.0,2011-07-05,3.34138794600003,0.0,2.6666666666666665,0.0,0.0,3.7233333333333336
137,0.0,2011-07-06,3.114853170000028,0.0,2.6666666666666665,0.0,0.0,3.7233333333333336
138,10.0,2011-07-08,9.174658428000082,0.0,0.0,10.0,3.333333333333331,3.8344444444444448
139,0.0,2011-07-09,9.202975275000082,5.0,1.6666666666666667,0.0,3.333333333333331,3.8344444444444448
140,3.7,2011-07-10,5.748319941000052,0.0,1.6666666666666667,3.7,4.566666666666664,3.8677777777777775
141,0.0,2011-07-11,5.153666154000046,0.0,1.6666666666666667,0.0,1.233333333333331,3.86
142,0.0,2011-07-12,4.105942815000037,0.0,0.0,0.0,1.233333333333331,3.8466666666666662
143,0.5,2011-07-13,5.63505255300005,4.0,1.3333333333333333,0.5,0.1666666666666643,3.852222222222222
144,1.5,2011-07-14,5.323567236000048,1.0,1.6666666666666667,1.5,0.6666666666666643,3.868888888888889
145,81.0,2011-07-15,115.30620098400102,28.0,11.0,81.0,27.666666666666668,4.768888888888889
146,24.6,2011-07-16,37.321604346000335,56.0,28.33333333333333,24.6,35.7,5.014444444444445
147,0.3,2011-07-17,29.024768175000258,14.0,32.666666666666664,0.3,35.300000000000004,4.873333333333334
148,1.6,2011-07-18,29.676055656000266,20.0,30.0,1.6,8.833333333333334,4.891111111111111
149,30.5,2011-07-19,19.00060433700017,2.0,12.0,30.5,10.8,5.23
150,0.0,2011-07-20,14.413275123000128,0.0,7.333333333333333,0.0,10.7,5.23
151,0.0,2011-07-21,11.808125199000106,0.0,0.6666666666666666,0.0,10.166666666666666,5.23
152,0.0,2011-07-23,12.629313762000113,2.0,0.6666666666666666,0.0,0.0,5.23
153,1.0,2011-07-24,9.429510051000085,4.0,2.0,1.0,0.3333333333333333,5.241111111111111
154,0.0,2011-07-25,9.00475734600008,1.0,2.333333333333333,0.0,0.3333333333333333,5.241111111111111
155,5.3,2011-07-26,9.202975275000082,0.0,1.6666666666666667,5.3,2.1,5.3
156,0.0,2011-07-27,9.627727980000088,4.0,1.6666666666666667,0.0,1.7666666666666666,5.3
157,10.0,2011-07-28,11.949709434000107,0.0,1.3333333333333333,10.0,5.1000000000000005,5.411111111111111
158,0.0,2011-07-29,7.419013914000066,0.0,1.3333333333333333,0.0,3.333333333333333,5.411111111111111
159,0.0,2011-07-30,6.7960432800000605,0.0,0.0,0.0,3.333333333333333,5.411111111111111
160,0.0,2011-08-01,6.314656881000056,10.0,3.333333333333333,0.0,0.0,5.411111111111111
161,4.0,2011-08-02,6.399607422000057,0.0,3.333333333333333,4.0,1.3333333333333333,5.455555555555556
162,0.5,2011-08-03,6.088122105000054,0.0,3.333333333333333,0.5,1.5,5.461111111111111
163,0.0,2011-08-04,5.889904176000052,0.0,0.0,0.0,1.5,5.461111111111111
164,1.8,2011-08-05,6.314656881000056,5.0,1.6666666666666667,1.8,0.7666666666666666,5.481111111111111
165,0.0,2011-08-06,8.91980680500008,0.0,1.6666666666666667,0.0,0.6,5.481111111111111
166,4.0,2011-08-07,5.861587329000052,0.0,1.6666666666666667,4.0,1.9333333333333331,5.525555555555556
167,0.0,2011-08-08,7.022578056000063,0.0,0.0,0.0,1.3333333333333333,5.505555555555556
168,0.0,2011-08-09,6.286340034000056,5.0,1.6666666666666667,0.0,1.3333333333333333,5.505555555555556
169,0.0,2011-08-10,6.201389493000056,0.0,1.6666666666666667,0.0,0.0,5.505555555555556
170,0.0,2011-08-11,17.075058741000152,0.0,1.6666666666666667,0.0,0.0,5.49888888888889
171,3.5,2011-08-12,18.547534785000167,0.0,0.0,3.5,1.1666666666666667,5.537777777777778
172,59.0,2011-08-13,51.621612081000464,0.0,0.0,59.0,20.83333333333333,6.193333333333333
173,53.0,2011-08-14,19.651891818000177,15.0,5.0,53.0,38.5,6.782222222222222
174,4.3,2011-08-15,138.41274813600123,45.0,20.0,4.3,38.766666666666666,6.83
175,138.0,2011-08-16,121.64917471200108,160.0,73.33333333333333,138.0,65.10000000000001,8.363333333333333
176,0.0,2011-08-17,47.03428286700042,2.0,69.0,0.0,47.43333333333334,8.363333333333333
177,0.0,2011-08-18,38.87903093100034,0.0,54.0,0.0,46.0,8.363333333333333
178,0.0,2011-08-19,37.548139122000336,0.0,0.6666666666666666,0.0,0.0,8.357777777777779
179,23.0,2011-08-20,80.70301395000072,54.0,18.0,23.0,7.666666666666667,8.61
180,0.5,2011-08-21,46.24141115100041,2.0,18.666666666666668,0.5,7.833333333333333,8.615555555555556
181,0.0,2011-08-22,37.831307592000336,0.0,18.666666666666668,0.0,7.833333333333333,8.615555555555556
182,0.0,2011-08-23,32.847542520000296,0.0,0.6666666666666666,0.0,0.1666666666666666,8.615555555555556
183,2.5,2011-08-24,29.95922412600027,0.0,0.0,2.5,0.8333333333333334,8.44
184,0.0,2011-08-25,26.30635086300024,0.0,0.0,0.0,0.8333333333333334,8.051111111111112
185,0.2,2011-08-26,25.485162300000223,0.0,0.0,0.2,0.9,8.024444444444443
186,14.0,2011-08-27,42.98497374600039,48.0,16.0,14.0,4.733333333333333,8.18
187,29.5,2011-08-28,29.95922412600027,0.0,16.0,29.5,14.566666666666668,8.427777777777777
188,1.9,2011-08-29,29.024768175000258,2.0,16.666666666666668,1.9,15.133333333333333,8.44888888888889
189,0.0,2011-08-30,22.3703091300002,0.0,0.6666666666666666,0.0,10.466666666666669,8.354444444444445
190,0.0,2011-08-31,19.87842659400017,0.0,0.6666666666666666,0.0,0.6333333333333333,8.006666666666668
191,0.0,2011-09-01,17.471494599000156,1.0,0.3333333333333333,0.0,0.0,8.006666666666668
192,0.0,2011-09-02,16.84852396500015,0.0,0.3333333333333333,0.0,0.0,8.006666666666668
193,0.0,2011-09-03,20.18991191100018,0.0,0.3333333333333333,0.0,0.0,8.006666666666668
194,2.5,2011-09-04,14.894661522000131,0.0,0.0,2.5,0.8333333333333334,8.034444444444444
195,0.0,2011-09-05,12.232877904000109,0.0,0.0,0.0,0.8333333333333334,8.034444444444444
196,0.0,2011-09-06,11.440006188000105,0.0,0.0,0.0,0.8333333333333334,7.901111111111112
197,0.0,2011-09-07,11.836442046000103,0.0,0.0,0.0,0.0,7.901111111111112
198,0.0,2011-09-08,21.945556425000195,0.0,0.0,0.0,0.0,7.873333333333334
199,17.8,2011-09-09,24.947142207000223,13.0,4.333333333333333,17.8,5.933333333333334,8.071111111111112
200,25.5,2011-09-10,22.7667449880002,8.0,7.0,25.5,14.433333333333332,8.202222222222222
201,2.7,2011-09-11,18.774069561000168,10.0,10.333333333333334,2.7,15.333333333333334,8.232222222222223
202,5.5,2011-09-12,18.06614838600016,0.0,6.0,5.5,11.233333333333334,8.293333333333335
203,12.0,2011-09-13,22.2004080480002,0.0,3.333333333333333,12.0,6.733333333333333,8.11111111111111
204,0.0,2011-09-14,16.508721801000146,0.0,0.0,0.0,5.833333333333333,7.8277777777777775
205,15.0,2011-09-15,20.24654560500018,4.0,1.3333333333333333,15.0,9.0,7.913333333333334
206,26.8,2011-09-16,21.152684709000187,12.0,5.333333333333333,26.8,13.933333333333332,8.157777777777778
207,3.0,2011-09-17,15.63089954400014,0.0,5.333333333333333,3.0,14.933333333333332,8.19111111111111
208,0.0,2011-09-18,13.47881917200012,0.0,4.0,0.0,9.933333333333334,8.19111111111111
209,0.0,2011-09-19,12.289511598000107,0.0,0.0,0.0,1.0,8.19111111111111
210,9.5,2012-06-06,0.2831684700000025,0.3,0.0999999999999999,9.5,3.1666666666666665,0.6811111111111111
211,0.0,2012-06-07,0.2831684700000025,0.0,0.0999999999999999,0.0,3.1666666666666665,0.6811111111111111
212,0.0,2012-06-08,0.2831684700000025,0.0,0.0999999999999999,0.0,3.1666666666666665,0.6811111111111111
213,0.0,2012-06-09,0.2831684700000025,0.0,0.0,0.0,0.0,0.6811111111111111
214,0.0,2012-06-10,0.2831684700000025,0.0,0.0,0.0,0.0,0.6811111111111111
215,10.0,2012-06-24,0.2548516230000023,2.0,0.6666666666666666,10.0,3.333333333333333,0.7755555555555556
216,13.4,2012-06-25,0.3681190110000032,0.0,0.6666666666666666,13.4,7.8,0.9244444444444444
217,2.0,2012-06-26,0.2831684700000025,0.0,0.6666666666666666,2.0,8.466666666666667,0.9466666666666668
218,0.0,2012-06-27,0.2831684700000025,0.0,0.0,0.0,5.133333333333334,0.9466666666666668
219,0.0,2012-06-28,0.2548516230000023,0.0,0.0,0.0,0.6666666666666666,0.9466666666666668
220,41.5,2012-07-04,0.906139104000008,5.0,1.6666666666666667,41.5,13.833333333333334,1.4077777777777778
221,31.0,2012-07-05,17.78297991600016,54.0,19.666666666666668,31.0,24.166666666666668,1.7266666666666668
222,20.2,2012-07-06,4.927131378000044,0.9,19.966666666666665,20.2,30.9,1.951111111111111
223,70.0,2012-07-07,14.951295216000132,65.0,39.96666666666667,70.0,40.4,2.728888888888889
224,6.2,2012-07-08,10.363966002000092,60.0,41.96666666666667,6.2,32.13333333333333,2.7977777777777777
225,18.6,2012-07-09,5.69168624700005,0.0,41.66666666666666,18.6,31.6,3.0044444444444447
226,0.0,2012-07-10,4.47406182600004,10.0,23.33333333333333,0.0,8.266666666666667,2.9277777777777785
227,6.4,2012-07-11,3.737823804000033,0.0,3.333333333333333,6.4,8.333333333333334,2.943333333333334
228,22.0,2012-07-12,14.63980989900013,51.95,20.65,22.0,9.466666666666669,3.1877777777777783
229,14.5,2012-07-13,24.86219166600022,49.2,33.71666666666667,14.5,14.3,3.348888888888889
230,14.0,2012-07-14,15.149513145000135,0.0,33.71666666666667,14.0,16.833333333333332,3.326666666666667
231,0.5,2012-07-15,6.031488411000054,0.0,16.400000000000002,0.5,9.666666666666666,3.332222222222222
232,0.0,2012-07-16,3.794457498000034,0.0,0.0,0.0,4.833333333333333,3.304444444444445
233,1.4,2012-07-17,3.681190110000033,0.0,0.0,1.4,0.6333333333333333,3.3200000000000003
234,0.0,2012-07-18,2.690100465000024,0.0,0.0,0.0,0.4666666666666666,3.3200000000000003
235,1.3,2012-07-19,2.5201993830000227,0.0,0.0,1.3,0.9,3.3344444444444448
236,0.0,2012-07-20,2.4069319950000216,0.0,0.0,0.0,0.4333333333333333,3.3344444444444448
237,4.2,2012-07-21,2.775051006000025,3.8,1.2666666666666666,4.2,1.8333333333333333,3.381111111111111
238,0.0,2012-07-22,3.058219476000027,0.0,1.2666666666666666,0.0,1.4,3.292222222222222
239,7.4,2012-07-23,15.460998462000138,18.1,7.300000000000001,7.4,3.866666666666667,3.374444444444445
240,10.0,2012-07-24,12.855848538000116,0.0,6.033333333333334,10.0,5.800000000000001,3.485555555555556
241,38.8,2012-07-25,26.58951933300024,46.0,21.366666666666664,38.8,18.73333333333333,3.868888888888889
242,0.0,2012-07-26,6.201389493000056,0.0,15.333333333333334,0.0,16.26666666666667,3.868888888888889
243,0.0,2012-07-27,5.351884083000048,0.0,15.333333333333334,0.0,12.933333333333335,3.868888888888889
244,4.2,2012-07-28,8.778222570000079,2.8,0.9333333333333332,4.2,1.4000000000000024,3.905555555555555
245,0.0,2012-07-29,4.190893356000037,0.0,0.9333333333333332,0.0,1.4000000000000024,3.901111111111111
246,0.0,2012-07-30,3.822774345000034,0.0,0.9333333333333332,0.0,1.4000000000000024,3.901111111111111
247,9.0,2012-07-31,4.332477591000039,19.2,6.4,9.0,3.000000000000002,4.001111111111111
248,2.4,2012-08-01,5.9182210230000525,10.4,9.866666666666667,2.4,3.8000000000000025,4.027777777777778
249,1.5,2012-08-02,6.626142198000059,2.0,10.533333333333331,1.5,4.3000000000000025,4.044444444444444
250,6.5,2012-08-03,11.836442046000103,4.0,5.466666666666666,6.5,3.466666666666669,4.116666666666666
251,66.0,2012-08-04,27.523975284000247,30.0,12.0,66.0,24.666666666666668,4.85
252,0.0,2012-08-05,14.300007735000127,0.0,11.333333333333334,0.0,24.166666666666668,4.85
253,0.0,2012-08-06,8.126935089000073,0.0,10.0,0.0,22.0,4.85
254,0.0,2012-08-07,8.438420406000075,0.0,0.0,0.0,0.0,4.85
255,6.8,2012-08-08,13.677037101000122,11.0,3.6666666666666665,6.8,2.2666666666666666,4.925555555555556
256,0.0,2012-08-09,11.2701051060001,0.0,3.6666666666666665,0.0,2.2666666666666666,4.925555555555556
257,19.2,2012-08-10,38.39764453200034,0.0,3.6666666666666665,19.2,8.666666666666666,5.111111111111111
258,7.5,2012-08-11,21.29426894400019,0.0,0.0,7.5,8.9,5.194444444444445
259,2.5,2012-08-12,21.634071108000192,0.0,0.0,2.5,9.733333333333333,5.222222222222222
260,0.0,2012-08-13,11.666540964000104,19.0,6.333333333333333,0.0,3.333333333333333,5.222222222222222
261,1.8,2012-08-14,7.84376661900007,0.0,6.333333333333333,1.8,1.4333333333333331,5.242222222222223
262,15.8,2012-08-15,17.216642976000152,0.0,6.333333333333333,15.8,5.866666666666667,5.417777777777778
263,22.0,2012-08-16,17.584761987000157,60.0,20.0,22.0,13.2,5.662222222222223
264,0.0,2012-08-17,14.328324582000128,0.0,20.0,0.0,12.6,5.662222222222223
265,39.0,2012-08-18,67.5356800950006,2.4,20.8,39.0,20.33333333333333,6.095555555555555
266,69.0,2012-08-19,653.0431255140059,20.0,7.466666666666666,69.0,36.0,6.845555555555555
267,75.0,2012-08-20,49.384581168000445,20.3,14.233333333333334,75.0,61.0,7.678888888888889
268,10.4,2012-08-21,42.16378518300038,20.4,20.23333333333333,10.4,51.46666666666667,7.794444444444444
269,18.5,2012-08-22,66.5445904500006,100.4,47.03333333333334,18.5,34.63333333333333,8.0
270,4.8,2012-08-23,54.42497993400048,17.0,45.93333333333334,4.8,11.233333333333333,8.053333333333333
271,28.0,2012-08-24,149.65453639500134,31.0,49.46666666666667,28.0,17.099999999999998,8.364444444444445
272,18.5,2012-08-25,298.7710526970027,56.0,34.666666666666664,18.5,17.099999999999998,8.57
273,24.3,2012-08-26,79.14558736500071,31.0,39.333333333333336,24.3,23.600000000000005,8.84
274,4.0,2012-08-27,72.91588102500066,21.4,36.13333333333333,4.0,15.6,8.884444444444444
275,3.0,2012-08-28,50.828740365000456,10.4,20.933333333333334,3.0,10.433333333333334,8.917777777777777
276,0.0,2012-08-29,50.40398766000045,2.0,11.266666666666666,0.0,2.333333333333333,8.917777777777777
277,0.0,2012-08-30,40.01170481100036,0.0,4.133333333333334,0.0,1.0,8.917777777777777
278,7.3,2012-08-31,37.831307592000336,5.0,2.333333333333333,7.3,2.433333333333333,8.998888888888889
279,0.0,2012-09-01,27.21248996700024,0.0,1.6666666666666667,0.0,2.433333333333333,8.998888888888889
280,0.0,2012-09-02,23.248131387000207,0.0,1.6666666666666667,0.0,2.433333333333333,8.998888888888889
281,1.2,2012-09-03,36.585366324000326,0.0,0.0,1.2,0.3999999999999999,9.012222222222222
282,12.5,2012-09-04,27.58060897800025,17.0,5.666666666666667,12.5,4.566666666666666,9.045555555555556
283,1.2,2012-09-05,27.83546060100025,2.2,6.4,1.2,4.966666666666666,9.05888888888889
284,0.0,2012-09-06,22.5685270590002,0.0,6.4,0.0,4.566666666666666,9.05888888888889
285,0.0,2012-09-07,24.918825360000223,0.0,0.7333333333333334,0.0,0.3999999999999999,9.05888888888889
286,18.5,2012-09-08,33.9235827060003,0.0,0.0,18.5,6.166666666666667,9.264444444444443
287,0.0,2012-09-09,27.07090573200024,13.8,4.6000000000000005,0.0,6.166666666666667,9.264444444444443
288,0.0,2012-09-10,23.58793355100021,20.0,11.266666666666666,0.0,6.166666666666667,9.264444444444443
289,0.0,2012-09-11,20.13327821700018,0.0,11.266666666666666,0.0,0.0,9.264444444444443
290,0.5,2012-09-12,30.27070944300027,1.8,7.266666666666667,0.5,0.1666666666666666,9.27
291,0.0,2012-09-13,30.72377899500028,5.4,2.4,0.0,0.1666666666666666,9.27
292,12.8,2012-09-14,24.86219166600022,2.9,3.3666666666666667,12.8,4.433333333333334,9.412222222222224
293,1.8,2012-09-15,23.106547152000207,1.1,3.133333333333333,1.8,4.866666666666667,9.432222222222222
294,0.0,2012-09-16,22.681794447000204,0.0,1.3333333333333333,0.0,4.866666666666667,9.432222222222222
295,10.0,2012-09-17,44.2875487080004,6.4,2.5,10.0,3.9333333333333336,9.543333333333331
296,34.5,2012-09-18,169.75949776500153,4.4,3.6,34.5,14.833333333333334,9.926666666666666
297,30.0,2012-09-19,70.96201858200064,110.2,40.333333333333336,30.0,24.83333333333333,10.26
298,0.0,2012-09-20,45.703391058000406,0.0,38.2,0.0,21.5,10.26
299,0.0,2012-09-21,30.667145301000275,0.0,36.73333333333333,0.0,10.0,10.26
300,5.0,2013-06-04,0.538,9.0,3.0,5.0,1.6666666666666667,0.8666666666666667
301,0.0,2013-06-05,0.538,0.0,3.0,0.0,1.6666666666666667,0.8666666666666667
302,0.0,2013-06-06,0.453,0.0,3.0,0.0,1.6666666666666667,0.8666666666666667
303,0.0,2013-06-07,0.453,0.0,0.0,0.0,0.0,0.8666666666666667
304,0.0,2013-06-08,0.453,0.0,0.0,0.0,0.0,0.8666666666666667
305,0.0,2013-06-09,0.368,0.0,0.0,0.0,0.0,0.8666666666666667
306,0.0,2013-06-10,0.368,0.0,0.0,0.0,0.0,0.8666666666666667
307,2.8,2013-06-12,1.881777778,70.4,23.46666666666667,2.8,0.9333333333333332,0.8033333333333333
308,0.0,2013-06-13,2.463777778,0.0,23.46666666666667,0.0,0.9333333333333332,0.72
309,68.0,2013-06-14,21.92611111,72.7,47.70000000000001,68.0,23.6,1.4755555555555555
310,47.0,2013-06-15,64.46244444,80.5,51.06666666666666,47.0,38.333333333333336,1.9977777777777777
311,41.5,2013-06-16,24.53288889,43.75,65.64999999999999,41.5,52.16666666666666,2.458888888888889
312,0.4,2013-06-17,11.27155556,60.4,61.55,0.4,29.633333333333336,2.4633333333333334
313,11.5,2013-06-18,9.232333333,8.2,37.45,11.5,17.8,2.591111111111111
314,0.0,2013-06-19,8.807444444,0.0,22.866666666666664,0.0,3.966666666666667,2.591111111111111
315,0.0,2013-06-20,4.886888889,0.0,2.733333333333333,0.0,3.8333333333333335,2.591111111111111
316,0.5,2013-06-24,3.455,10.1,3.3666666666666667,0.5,0.1666666666666666,2.2944444444444443
317,0.0,2013-06-25,3.455,21.8,10.633333333333333,0.0,0.1666666666666666,2.2944444444444443
318,17.5,2013-06-26,79.83733333,47.6,26.5,17.5,6.0,2.488888888888889
319,5.5,2013-06-27,30.68011111,30.2,33.2,5.5,7.666666666666667,2.55
320,39.0,2013-06-28,46.59877778,16.4,31.40000000000001,39.0,20.666666666666668,2.9833333333333334
321,0.0,2013-06-29,16.794,4.2,16.933333333333334,0.0,14.833333333333334,2.9833333333333334
322,5.2,2013-06-30,16.624,0.0,6.866666666666668,5.2,14.733333333333334,3.041111111111111
323,0.0,2013-07-01,12.461,0.0,1.4000000000000024,0.0,1.7333333333333334,3.041111111111111
324,0.0,2013-07-02,9.147,0.0,2.3684757858670005e-15,0.0,1.7333333333333334,3.041111111111111
325,19.0,2013-07-03,21.77488889,53.2,17.733333333333338,19.0,6.333333333333333,3.252222222222222
326,0.0,2013-07-04,8.383,0.0,17.733333333333338,0.0,6.333333333333333,3.252222222222222
327,0.0,2013-07-05,6.514,0.0,17.733333333333338,0.0,6.333333333333333,3.252222222222222
328,0.5,2013-07-06,5.664,2.4,0.8000000000000024,0.5,0.1666666666666666,3.2577777777777777
329,23.5,2013-07-07,6.702444444,0.0,0.8000000000000024,23.5,8.0,3.5188888888888887
330,0.0,2013-07-08,21.25888889,11.2,4.533333333333336,0.0,8.0,3.5188888888888887
331,19.2,2013-07-09,18.408,27.6,12.933333333333335,19.2,14.233333333333334,3.732222222222222
332,6.5,2013-07-10,13.68833333,16.8,18.53333333333333,6.5,8.566666666666666,3.804444444444444
333,14.0,2013-07-11,7.618,3.4,15.933333333333335,14.0,13.233333333333334,3.96
334,0.0,2013-07-12,6.089,0.0,6.733333333333335,0.0,6.833333333333333,3.96
335,1.0,2013-07-13,5.830888889,0.0,1.1333333333333355,1.0,5.0,3.971111111111111
336,1.0,2013-07-14,4.673,0.0,2.3684757858670005e-15,1.0,0.6666666666666666,3.982222222222222
337,15.5,2013-07-15,53.31328889,34.0,11.333333333333336,15.5,5.833333333333333,4.154444444444445
338,36.0,2013-07-16,23.965,3.2,12.400000000000004,36.0,17.5,4.554444444444444
339,32.5,2013-07-17,20.85933333,24.4,20.53333333333333,32.5,28.0,4.915555555555556
340,0.0,2013-07-18,8.043,0.0,9.2,0.0,22.83333333333333,4.915555555555556
341,0.0,2013-07-19,35.26177778,0.0,8.133333333333335,0.0,10.833333333333334,4.915555555555556
342,21.9,2013-07-20,10.932,0.0,2.3684757858670005e-15,21.9,7.3,5.158888888888889
343,0.6,2013-07-21,15.01,0.0,2.3684757858670005e-15,0.6,7.5,5.165555555555556
344,2.4,2013-07-22,16.93233333,0.0,2.3684757858670005e-15,2.4,8.299999999999999,5.192222222222222
345,0.0,2013-07-23,16.794,0.0,2.3684757858670005e-15,0.0,1.0,5.192222222222222
346,0.0,2013-07-24,12.34744444,0.0,2.3684757858670005e-15,0.0,0.7999999999999999,5.192222222222222
347,0.8,2013-07-25,13.99,0.0,2.3684757858670005e-15,0.8,0.2666666666666666,5.201111111111112
348,0.0,2013-07-26,10.167,0.0,2.3684757858670005e-15,0.0,0.2666666666666666,5.2
349,3.0,2013-07-27,10.02555556,0.0,2.3684757858670005e-15,3.0,1.2666666666666666,5.233333333333333
350,0.0,2013-07-28,11.61122222,0.0,2.3684757858670005e-15,0.0,1.0,5.233333333333333
351,8.0,2013-07-29,8.892333333,0.0,2.3684757858670005e-15,8.0,3.6666666666666665,5.322222222222222
352,0.0,2013-07-30,9.912222222,0.0,2.3684757858670005e-15,0.0,2.6666666666666665,5.322222222222222
353,0.0,2013-07-31,7.618,0.0,2.3684757858670005e-15,0.0,2.6666666666666665,5.322222222222222
354,4.5,2013-08-01,10.167,0.0,2.3684757858670005e-15,4.5,1.5,5.372222222222222
355,0.9,2013-08-02,8.128,0.0,2.3684757858670005e-15,0.9,1.8,5.382222222222222
356,0.0,2013-08-03,7.646333333,0.0,2.3684757858670005e-15,0.0,1.8,5.382222222222222
357,19.8,2013-08-04,10.28033333,0.0,2.3684757858670005e-15,19.8,6.900000000000001,5.602222222222222
358,0.0,2013-08-05,8.383,0.0,2.3684757858670005e-15,0.0,6.6000000000000005,5.602222222222222
359,0.0,2013-08-06,11.44133333,0.0,2.3684757858670005e-15,0.0,6.6000000000000005,5.602222222222222
360,3.0,2013-08-07,16.70877778,11.4,3.8000000000000025,3.0,1.0,5.635555555555555
361,31.9,2013-08-08,81.20588889,23.4,11.6,31.9,11.633333333333333,5.99
362,46.0,2013-08-09,97.49622222,0.0,11.6,46.0,26.96666666666667,6.501111111111111
363,1.5,2013-08-10,25.80244444,0.0,7.800000000000002,1.5,26.46666666666667,6.413333333333334
364,0.9,2013-08-11,23.69422222,0.0,2.3684757858670005e-15,0.9,16.133333333333333,6.413333333333334
365,0.8,2013-08-12,68.08111111,13.6,4.533333333333336,0.8,1.0666666666666669,6.422222222222223
366,0.0,2013-08-13,18.153,0.0,4.533333333333336,0.0,0.5666666666666668,6.422222222222223
367,0.6,2013-08-14,18.11822222,0.0,4.533333333333336,0.6,0.4666666666666666,6.428888888888889
368,19.2,2013-08-15,16.52688889,4.2,1.4000000000000024,19.2,6.6000000000000005,6.642222222222223
369,5.5,2013-08-16,13.14033333,8.2,4.133333333333336,5.5,8.433333333333334,6.703333333333334
370,12.2,2013-08-17,17.93577778,20.0,10.800000000000002,12.2,12.3,6.838888888888889
371,0.2,2013-08-18,14.245,0.0,9.400000000000002,0.2,5.966666666666666,6.841111111111112
372,0.7,2013-08-19,20.57911111,6.4,8.800000000000002,0.7,4.366666666666666,6.848888888888888
373,0.0,2013-08-20,32.87011111,0.0,2.133333333333336,0.0,0.3,6.848888888888888
374,32.4,2013-08-21,26.62066667,10.4,5.600000000000002,32.4,11.033333333333331,7.20888888888889
375,0.0,2013-08-22,33.32355556,28.4,12.933333333333335,0.0,10.8,7.20888888888889
376,0.0,2013-08-23,24.19777778,0.0,12.933333333333335,0.0,10.8,7.20888888888889
377,0.0,2013-08-24,19.44633333,0.0,9.466666666666669,0.0,0.0,7.20888888888889
378,7.5,2013-08-25,18.408,0.0,2.3684757858670005e-15,7.5,2.5,7.258888888888889
379,0.0,2013-08-26,13.99,0.0,2.3684757858670005e-15,0.0,2.5,7.076666666666668
380,0.0,2013-08-27,12.461,0.0,2.3684757858670005e-15,0.0,2.5,7.076666666666668
381,0.0,2013-08-28,10.932,0.0,2.3684757858670005e-15,0.0,0.0,7.076666666666668
382,0.0,2013-08-29,29.95495652,15.6,5.200000000000002,0.0,0.0,7.076666666666668
383,3.8,2013-08-30,14.11383333,0.0,5.200000000000002,3.8,1.2666666666666666,7.11888888888889
384,0.0,2013-08-31,31.06141667,0.0,5.200000000000002,0.0,1.2666666666666666,7.11888888888889
385,2.2,2013-09-01,13.74266667,0.0,2.3684757858670005e-15,2.2,2.0,7.143333333333334
386,1.0,2013-09-02,10.27316667,0.0,2.3684757858670005e-15,1.0,1.0666666666666669,7.09888888888889
387,0.3,2013-09-03,8.765,0.0,2.3684757858670005e-15,0.3,1.1666666666666667,7.102222222222223
388,0.0,2013-09-04,7.476333333,0.0,2.3684757858670005e-15,0.0,0.4333333333333333,7.102222222222223
389,0.0,2013-09-05,6.938,0.0,2.3684757858670005e-15,0.0,0.0999999999999999,7.102222222222223
390,0.8,2013-09-06,6.514,0.0,2.3684757858670005e-15,0.8,0.2666666666666666,7.111111111111111
391,0.0,2013-09-07,6.035875,0.0,2.3684757858670005e-15,0.0,0.2666666666666666,7.111111111111111
392,20.0,2013-09-08,17.34016667,0.0,2.3684757858670005e-15,20.0,6.933333333333334,7.333333333333333
393,13.4,2013-09-09,7.8645,33.0,11.000000000000002,13.4,11.133333333333333,7.482222222222223
394,0.0,2013-09-10,5.787958333,0.0,11.000000000000002,0.0,11.133333333333333,7.451111111111111
395,0.0,2013-09-11,5.145166667,0.0,11.000000000000002,0.0,4.466666666666667,7.451111111111111
396,0.0,2013-09-12,8.827,0.0,2.3684757858670005e-15,0.0,0.0,6.695555555555556
397,6.5,2013-09-13,5.7585,0.0,2.3684757858670005e-15,6.5,2.1666666666666665,6.245555555555556
398,0.0,2013-09-14,4.867791667,0.0,2.3684757858670005e-15,0.0,2.1666666666666665,5.7844444444444445
399,0.0,2013-09-15,4.969125,0.0,2.3684757858670005e-15,0.0,2.1666666666666665,5.78
400,6.0,2013-09-16,5.849,0.0,2.3684757858670005e-15,6.0,2.0,5.718888888888889
401,0.0,2013-09-17,5.286666667,0.0,2.3684757858670005e-15,0.0,2.0,5.718888888888889
402,0.0,2013-09-18,4.708416667,0.0,2.3684757858670005e-15,0.0,2.0,5.718888888888889
403,0.0,2013-09-19,4.418,0.0,2.3684757858670005e-15,0.0,0.0,5.718888888888889
404,0.0,2013-09-20,4.418,0.0,2.3684757858670005e-15,0.0,0.0,5.718888888888889
405,0.0,2013-09-21,4.86325,15.2,5.066666666666669,0.0,0.0,5.718888888888889
406,0.0,2013-09-22,4.99175,4.2,6.466666666666669,0.0,0.0,5.713333333333334
407,0.0,2013-09-23,4.418,0.0,6.466666666666669,0.0,0.0,5.713333333333334
408,0.0,2013-09-24,4.838,0.0,1.4000000000000024,0.0,0.0,5.518888888888889
409,0.0,2013-09-25,5.027166667,0.0,2.3684757858670005e-15,0.0,0.0,5.457777777777777
410,0.0,2013-09-26,4.43925,0.0,2.3684757858670005e-15,0.0,0.0,5.024444444444445
411,0.0,2013-09-27,4.248,0.0,2.3684757858670005e-15,0.0,0.0,5.024444444444445
412,6.8,2013-09-28,14.26066667,7.2,2.4000000000000026,6.8,2.2666666666666666,5.042222222222223
413,0.0,2013-09-29,5.003555556,0.0,2.4000000000000026,0.0,2.2666666666666666,5.042222222222223
414,0.0,2013-09-30,4.248,0.0,2.4000000000000026,0.0,2.2666666666666666,5.042222222222223
415,6.1,2014-06-01,1.104,0.0,3.1333333333333324,6.1,2.833333333333333,1.6688888888888889
416,5.4,2014-06-02,1.274,36.4,15.266666666666666,5.4,4.633333333333334,1.728888888888889
417,0.0,2014-06-03,1.274,0.0,12.133333333333333,0.0,3.8333333333333335,1.728888888888889
418,0.0,2014-06-04,1.274,0.0,12.133333333333333,0.0,1.8,1.712222222222222
419,0.0,2014-06-05,1.104,0.0,0.0,0.0,0.0,1.712222222222222
420,0.0,2014-06-06,1.104,0.0,0.0,0.0,0.0,1.712222222222222
421,0.0,2014-06-07,1.02,0.0,0.0,0.0,0.0,1.712222222222222
422,0.0,2014-06-08,1.02,0.0,0.0,0.0,0.0,1.712222222222222
423,0.0,2014-06-09,0.906,0.0,0.0,0.0,0.0,1.6455555555555554
424,0.0,2014-06-10,0.821,0.0,0.0,0.0,0.0,1.6255555555555554
425,0.0,2014-06-11,0.736,0.0,0.0,0.0,0.0,1.6255555555555554
426,0.0,2014-06-12,0.736,0.0,0.0,0.0,0.0,1.6255555555555554
427,0.0,2014-06-13,0.623,0.0,0.0,0.0,0.0,1.6255555555555554
428,5.0,2014-06-14,0.736,0.0,0.0,5.0,1.6666666666666667,1.681111111111111
429,0.0,2014-06-15,0.969333333,20.4,6.8,0.0,1.6666666666666667,1.681111111111111
430,16.5,2014-06-16,145.0801111,30.6,17.0,16.5,7.166666666666667,1.653333333333333
431,0.5,2014-06-17,3.651333333,0.0,17.0,0.5,5.666666666666667,1.6588888888888886
432,0.0,2014-06-18,2.473444444,0.0,10.2,0.0,5.666666666666667,1.6588888888888886
433,1.9,2014-06-19,2.152,0.0,0.0,1.9,0.7999999999999999,1.68
434,0.0,2014-06-20,1.812,0.0,0.0,0.0,0.6333333333333333,1.68
435,10.2,2014-06-21,2.36,16.1,5.366666666666667,10.2,4.033333333333333,1.793333333333333
436,0.2,2014-06-22,2.114222222,0.0,5.366666666666667,0.2,3.4666666666666663,1.7522222222222223
437,0.0,2014-06-23,1.812,0.0,5.366666666666667,0.0,3.4666666666666663,1.6611111111111112
438,0.0,2014-06-24,1.671,0.0,0.0,0.0,0.0666666666666666,1.6611111111111112
439,10.0,2014-06-25,4.540777778,31.1,10.366666666666667,10.0,3.333333333333333,1.772222222222222
440,0.0,2014-06-26,2.379,0.0,10.366666666666667,0.0,3.333333333333333,1.77
441,0.0,2014-06-27,1.982,0.0,10.366666666666667,0.0,3.333333333333333,1.7544444444444445
442,14.5,2014-06-28,1.812,0.0,0.0,14.5,4.833333333333333,1.915555555555556
443,23.2,2014-06-29,23.474,0.0,0.0,23.2,12.566666666666668,2.1733333333333333
444,0.0,2014-06-30,3.039444444,0.0,0.0,0.0,12.566666666666668,2.1733333333333333
445,13.2,2014-07-01,2.492333333,31.8,10.6,13.2,12.133333333333333,2.3200000000000003
446,70.5,2014-07-02,83.55655556,42.8,24.866666666666664,70.5,27.9,2.9655555555555555
447,0.9,2014-07-03,16.02933333,6.4,27.0,0.9,28.200000000000003,2.975555555555556
448,25.8,2014-07-04,4.474666667,0.0,16.4,25.8,32.4,3.262222222222222
449,0.3,2014-07-05,5.852888889,0.0,2.1333333333333333,0.3,9.0,3.2655555555555558
450,0.0,2014-07-06,3.115,0.0,0.0,0.0,8.700000000000001,3.183333333333333
451,0.0,2014-07-07,2.379,0.0,0.0,0.0,0.0999999999999999,3.1
452,0.0,2014-07-08,1.812,0.0,0.0,0.0,0.0,3.1
453,21.8,2014-07-09,3.385888889,18.0,6.0,21.8,7.266666666666667,3.3422222222222224
454,0.2,2014-07-10,1.671,0.0,6.0,0.2,7.333333333333333,3.344444444444445
455,0.0,2014-07-11,2.152,0.0,6.0,0.0,7.333333333333333,3.344444444444445
456,0.0,2014-07-12,1.812,0.0,0.0,0.0,0.0666666666666666,3.304444444444444
457,0.0,2014-07-13,1.812,0.0,0.0,0.0,0.0,3.284444444444444
458,29.2,2014-07-14,6.916555556,70.2,23.4,29.2,9.733333333333333,3.6088888888888886
459,0.0,2014-07-15,4.323555556,0.0,23.4,0.0,9.733333333333333,3.6088888888888886
460,0.0,2014-07-16,3.285,0.0,23.4,0.0,9.733333333333333,3.577777777777777
461,9.5,2014-07-17,3.697333333,0.0,0.0,9.5,3.1666666666666665,3.674444444444444
462,13.8,2014-07-18,13.56511111,8.2,2.733333333333333,13.8,7.766666666666667,3.63
463,4.5,2014-07-19,46.47644444,21.8,10.0,4.5,9.266666666666667,3.68
464,2.5,2014-07-20,32.31644444,0.0,10.0,2.5,6.933333333333334,3.707777777777778
465,3.2,2014-07-21,20.705,10.4,10.733333333333334,3.2,3.4,3.743333333333333
466,0.0,2014-07-22,15.46288889,0.0,3.466666666666667,0.0,1.9,3.743333333333333
467,0.0,2014-07-23,17.32244444,0.0,3.466666666666667,0.0,1.0666666666666669,3.743333333333333
468,11.0,2014-07-24,11.27155556,3.6,1.2,11.0,3.6666666666666665,3.8655555555555554
469,1.0,2014-07-25,9.147,7.8,3.8,1.0,4.0,3.8766666666666665
470,2.0,2014-07-26,10.167,0.0,3.8,2.0,4.666666666666667,3.8988888888888886
471,1.8,2014-07-27,25.31955556,0.0,2.6,1.8,1.6,3.9188888888888886
472,9.2,2014-07-28,16.794,6.2,2.0666666666666664,9.2,4.333333333333333,4.021111111111111
473,22.0,2014-07-29,31.70244444,0.0,2.0666666666666664,22.0,11.0,4.265555555555555
474,15.5,2014-07-30,21.74355556,10.2,5.466666666666666,15.5,15.566666666666668,4.437777777777778
475,0.0,2014-07-31,21.24,0.0,3.4,0.0,12.5,4.437777777777778
476,0.0,2014-08-01,18.18155556,0.0,3.4,0.0,5.166666666666667,4.437777777777778
477,4.5,2014-08-02,13.25355556,5.4,1.8,4.5,1.5,4.487777777777778
478,0.0,2014-08-03,11.44133333,0.0,1.8,0.0,1.5,4.265555555555555
479,4.0,2014-08-04,9.147,0.0,1.8,4.0,2.833333333333333,4.31
480,10.0,2014-08-05,11.951,0.0,0.0,10.0,4.666666666666667,4.421111111111111
481,0.0,2014-08-06,12.54566667,0.0,0.0,0.0,4.666666666666667,4.421111111111111
482,15.5,2014-08-07,50.43488889,9.4,3.1333333333333333,15.5,8.5,4.593333333333333
483,0.0,2014-08-08,13.93344444,0.0,3.1333333333333333,0.0,5.166666666666667,4.593333333333333
484,20.7,2014-08-09,23.09644444,0.0,3.1333333333333333,20.7,12.066666666666668,4.823333333333333
485,0.5,2014-08-10,16.454,0.0,0.0,0.5,7.066666666666666,4.743333333333334
486,0.0,2014-08-11,14.755,0.0,0.0,0.0,7.066666666666666,4.671111111111111
487,0.0,2014-08-12,12.121,0.0,0.0,0.0,0.1666666666666666,4.551111111111111
488,0.0,2014-08-13,9.996888889,0.0,0.0,0.0,0.0,4.551111111111111
489,40.8,2014-08-14,30.44411111,26.4,8.799999999999999,40.8,13.6,5.004444444444444
490,129.2,2014-08-15,88.61333333,22.6,16.333333333333332,129.2,56.66666666666666,6.44
491,24.7,2014-08-16,136.1686667,60.4,36.46666666666667,24.7,64.89999999999999,6.714444444444444
492,0.0,2014-08-17,77.08511111,0.0,27.666666666666668,0.0,51.29999999999999,6.714444444444444
493,0.0,2014-08-18,39.93133333,0.0,20.133333333333333,0.0,8.233333333333333,6.714444444444444
494,0.0,2014-08-19,27.47044444,0.0,0.0,0.0,0.0,6.714444444444444
495,0.0,2014-08-20,19.16333333,0.0,0.0,0.0,0.0,6.714444444444444
496,0.0,2014-08-21,16.794,0.0,0.0,0.0,0.0,6.714444444444444
497,0.0,2014-08-22,15.01,0.0,0.0,0.0,0.0,6.707777777777777
498,0.0,2014-08-23,12.461,0.0,0.0,0.0,0.0,6.707777777777777
499,0.0,2014-08-24,10.167,0.0,0.0,0.0,0.0,6.707777777777777
500,0.0,2014-08-25,8.383,0.0,0.0,0.0,0.0,6.707777777777777
501,1.4,2014-08-26,7.618,0.0,0.0,1.4,0.4666666666666666,6.723333333333334
502,0.0,2014-08-27,7.618,0.0,0.0,0.0,0.4666666666666666,6.723333333333334
503,0.0,2014-08-28,6.938,0.0,0.0,0.0,0.4666666666666666,6.723333333333334
504,0.0,2014-08-29,6.938,0.0,0.0,0.0,0.0,6.696666666666667
505,3.5,2014-08-30,7.806888889,0.0,0.0,3.5,1.1666666666666667,6.667777777777778
506,0.0,2014-08-31,6.514,0.0,0.0,0.0,1.1666666666666667,6.607777777777779
507,0.5,2014-09-01,6.514,0.0,0.0,0.5,1.3333333333333333,6.613333333333334
508,3.5,2014-09-02,8.297777778,7.6,2.533333333333333,3.5,1.3333333333333333,6.652222222222223
509,1.4,2014-09-03,7.618,4.4,4.0,1.4,1.8,6.667777777777778
510,0.7,2014-09-04,6.938,0.0,4.0,0.7,1.8666666666666665,6.675555555555556
511,0.7,2014-09-05,6.655333333,0.0,1.4666666666666668,0.7,0.9333333333333332,6.683333333333334
512,24.4,2014-09-06,53.77644444,49.4,16.466666666666665,24.4,8.6,6.954444444444444
513,3.5,2014-09-07,44.08466667,12.4,20.6,3.5,9.533333333333331,6.993333333333333
514,9.5,2014-09-08,17.16188889,0.0,20.6,9.5,12.466666666666669,7.098888888888888
515,25.0,2014-09-09,15.66111111,4.2,5.533333333333334,25.0,12.666666666666666,7.376666666666666
516,0.0,2014-09-10,10.932,0.0,1.4,0.0,11.5,7.376666666666666
517,0.0,2014-09-11,9.147,0.0,1.4,0.0,8.333333333333334,7.376666666666666
518,0.0,2014-09-15,8.892333333,10.4,3.466666666666667,0.0,0.0,7.132222222222222
519,0.0,2014-09-16,6.938,0.0,3.466666666666667,0.0,0.0,7.132222222222222
520,0.0,2014-09-17,6.514,0.0,3.466666666666667,0.0,0.0,7.111111111111111
521,0.5,2014-09-21,8.088133333,12.2,4.066666666666666,0.5,0.1666666666666666,7.001111111111111
522,0.0,2014-09-22,5.805666667,0.0,4.066666666666666,0.0,0.1666666666666666,7.001111111111111
523,0.0,2014-09-23,5.098,0.0,4.066666666666666,0.0,0.1666666666666666,6.890000000000001
524,6.2,2014-09-25,5.069666667,0.0,0.0,6.2,2.066666666666667,6.95888888888889
525,0.0,2014-09-26,4.673,0.0,0.0,0.0,2.066666666666667,6.797777777777778
526,0.0,2014-09-27,4.418,0.0,0.0,0.0,2.066666666666667,6.54
527,0.5,2014-09-29,4.758,0.0,0.0,0.5,0.1666666666666666,6.398888888888889
528,0.0,2014-09-30,4.248,0.0,0.0,0.0,0.1666666666666666,5.615555555555555
529,0.6,2015-06-01,1.473,0.0,0.0,0.6,0.1999999999999999,1.9
530,0.0,2015-06-02,1.473,0.0,0.0,0.0,0.1999999999999999,1.6222222222222222
531,0.8,2015-06-03,1.671,0.0,0.0,0.8,0.4666666666666666,1.6311111111111112
532,0.0,2015-06-04,1.671,0.0,0.0,0.0,0.2666666666666666,1.538888888888889
533,8.0,2015-06-05,2.309555556,0.0,0.0,8.0,2.9333333333333336,1.6277777777777778
534,4.2,2015-06-06,1.982,0.0,0.0,4.2,4.066666666666666,1.6688888888888889
535,0.0,2015-06-07,1.812,0.0,0.0,0.0,4.066666666666666,1.4977777777777777
536,0.0,2015-06-08,1.812,0.0,0.0,0.0,1.4000000000000004,1.4977777777777777
537,0.0,2015-06-09,1.671,0.0,0.0,0.0,2.96059473233375e-16,1.4977777777777777
538,0.0,2015-06-10,1.671,0.0,0.0,0.0,2.96059473233375e-16,1.4977777777777777
539,9.0,2015-06-11,1.558,0.0,0.0,9.0,3.0,1.5977777777777775
540,0.0,2015-06-12,1.558,0.0,0.0,0.0,3.0,1.5977777777777775
541,0.0,2015-06-13,1.473,0.0,0.0,0.0,3.0,1.5355555555555551
542,1.4,2015-06-14,1.473,0.0,0.0,1.4,0.4666666666666666,1.4211111111111112
543,0.0,2015-06-15,1.473,3.2,1.0666666666666669,0.0,0.4666666666666666,1.2766666666666668
544,0.0,2015-06-16,1.906444444,0.0,1.0666666666666669,0.0,0.4666666666666666,1.2766666666666668
545,0.0,2015-06-17,1.671,0.0,1.0666666666666669,0.0,0.0,1.2766666666666668
546,26.5,2015-06-20,15.91555556,37.4,12.466666666666669,26.5,8.833333333333334,1.5711111111111111
547,0.0,2015-06-21,6.938,13.6,17.0,0.0,8.833333333333334,1.5711111111111111
548,0.0,2015-06-22,3.964666667,0.0,17.0,0.0,8.833333333333334,1.5711111111111111
549,0.0,2015-06-23,3.682,0.0,4.533333333333333,0.0,0.0,1.5711111111111111
550,0.0,2015-06-24,4.940111111,0.0,0.0,0.0,0.0,1.5711111111111111
551,36.5,2015-06-25,6.372333333,13.4,4.466666666666667,36.5,12.166666666666666,1.9766666666666668
552,0.0,2015-06-26,4.673,0.0,4.466666666666667,0.0,12.166666666666666,1.9766666666666668
553,0.0,2015-06-27,3.303888889,0.0,4.466666666666667,0.0,12.166666666666666,1.9711111111111117
554,0.0,2015-06-28,3.115,0.0,0.0,0.0,0.0,1.8988888888888888
555,18.5,2015-06-30,3.115,4.2,1.4,18.5,6.166666666666667,2.0733333333333333
556,0.0,2015-07-01,2.945,17.2,7.133333333333333,0.0,6.166666666666667,1.9177777777777776
557,0.0,2015-07-02,2.719,0.0,7.133333333333333,0.0,6.166666666666667,1.897777777777778
558,0.0,2015-07-03,2.329,0.0,5.733333333333333,0.0,0.0,1.897777777777778
559,0.0,2015-07-04,2.329,0.0,0.0,0.0,0.0,1.7533333333333334
560,0.6,2015-07-05,2.152,0.0,0.0,0.6,0.1999999999999999,1.76
561,81.0,2015-07-06,51.35766667,31.2,10.4,81.0,27.2,2.66
562,5.0,2015-07-07,6.749555556,2.0,11.066666666666668,5.0,28.866666666666664,2.6311111111111107
563,55.5,2015-07-08,17.29422222,14.6,15.933333333333332,55.5,47.16666666666666,3.247777777777777
564,1.0,2015-07-09,21.38155556,0.0,5.533333333333334,1.0,20.5,3.2588888888888885
565,2.0,2015-07-10,27.15588889,2.6,5.733333333333333,2.0,19.5,3.28111111111111
566,26.5,2015-07-11,26.26133333,40.4,14.333333333333334,26.5,9.833333333333334,3.575555555555555
567,17.8,2015-07-12,31.84444444,10.4,17.8,17.8,15.433333333333332,3.773333333333333
568,7.5,2015-07-13,20.67355556,34.4,28.399999999999995,7.5,17.266666666666666,3.8455555555555554
569,0.0,2015-07-14,11.15811111,0.0,14.933333333333332,0.0,8.433333333333334,3.8455555555555554
570,0.0,2015-07-15,6.702444444,0.0,11.466666666666669,0.0,2.5,3.7455555555555553
571,14.0,2015-07-16,125.5963333,240.4,80.13333333333334,14.0,4.666666666666667,3.8677777777777775
572,27.0,2015-07-17,178.8565556,272.2,170.86666666666667,27.0,13.666666666666666,4.167777777777777
573,21.0,2015-07-18,150.7566667,0.0,170.86666666666665,21.0,20.666666666666668,4.401111111111111
574,13.2,2015-07-19,78.72966667,12.4,94.86666666666666,13.2,20.4,4.547777777777777
575,0.4,2015-07-20,45.595,0.0,4.133333333333314,0.4,11.533333333333331,4.552222222222222
576,1.7,2015-07-21,40.40322222,4.4,5.599999999999981,1.7,5.1,4.571111111111111
577,0.0,2015-07-22,33.33511111,0.0,1.466666666666648,0.0,0.7000000000000001,4.571111111111111
578,0.0,2015-07-23,30.30266667,0.0,1.466666666666648,0.0,0.5666666666666668,4.571111111111111
579,1.8,2015-07-24,25.64533333,3.6,1.199999999999981,1.8,0.6,4.591111111111111
580,0.0,2015-07-25,16.64856522,0.0,1.199999999999981,0.0,0.6,4.591111111111111
581,16.5,2015-07-26,47.77816667,42.2,15.26666666666665,16.5,6.1000000000000005,4.774444444444445
582,0.8,2015-07-27,36.6525,33.4,25.199999999999974,0.8,5.766666666666667,4.783333333333333
583,2.5,2015-07-28,35.588875,0.0,25.199999999999974,2.5,6.6000000000000005,4.788888888888889
584,1.0,2015-07-29,30.59741667,11.8,15.066666666666649,1.0,1.4333333333333331,4.8
585,0.0,2015-07-30,19.39570833,0.0,3.9333333333333145,0.0,1.1666666666666667,4.774444444444445
586,0.0,2015-07-31,13.703125,0.0,3.9333333333333145,0.0,0.3333333333333333,4.774444444444445
587,10.0,2015-08-01,18.949625,7.8,2.599999999999981,10.0,3.333333333333333,4.885555555555555
588,0.0,2015-08-02,13.50154167,0.0,2.599999999999981,0.0,3.333333333333333,4.885555555555555
589,0.0,2015-08-03,11.75975,0.0,2.599999999999981,0.0,3.333333333333333,4.885555555555555
590,2.0,2015-08-05,10.24129167,0.0,0.0,2.0,0.6666666666666666,4.907777777777778
591,0.0,2015-08-06,14.58095833,0.0,0.0,0.0,0.6666666666666666,4.907777777777778
592,20.0,2015-08-07,32.76758333,10.2,3.399999999999981,20.0,7.333333333333333,5.13
593,23.0,2015-08-08,81.4815,80.6,30.266666666666648,23.0,14.333333333333334,5.385555555555555
594,62.0,2015-08-09,74.06975,75.6,55.46666666666664,62.0,35.0,6.074444444444444
595,7.5,2015-08-10,88.49983333,145.4,100.53333333333332,7.5,30.83333333333333,6.046666666666666
596,1.4,2015-08-11,40.497625,0.0,73.66666666666664,1.4,23.633333333333336,6.006666666666667
597,1.0,2015-08-12,51.43866667,0.0,48.46666666666666,1.0,3.3000000000000003,5.891111111111112
598,0.0,2015-08-13,34.998875,0.0,0.0,0.0,0.7999999999999999,5.891111111111112
599,0.0,2015-08-14,29.59441667,0.0,0.0,0.0,0.3333333333333333,5.891111111111112
600,2.0,2015-08-15,49.27445833,0.0,0.0,2.0,0.6666666666666666,5.913333333333334
601,0.0,2015-08-16,25.85379167,0.0,0.0,0.0,0.6666666666666666,5.913333333333334
602,0.0,2015-08-17,19.281,0.0,0.0,0.0,0.6666666666666666,5.913333333333334
603,0.0,2015-08-18,23.23654167,0.0,0.0,0.0,0.0,5.913333333333334
604,0.0,2015-08-19,15.44516667,0.0,0.0,0.0,0.0,5.913333333333334
605,0.0,2015-08-20,16.71770833,0.0,0.0,0.0,0.0,5.913333333333334
606,10.4,2015-08-21,25.84204167,15.4,5.133333333333314,10.4,3.466666666666667,6.028888888888889
607,21.0,2015-08-22,22.7615,7.4,7.599999999999981,21.0,10.466666666666669,6.262222222222222
608,0.0,2015-08-23,16.56720833,0.0,7.599999999999981,0.0,10.466666666666669,6.262222222222222
609,0.0,2015-08-24,14.55304167,0.0,2.466666666666648,0.0,7.0,6.251111111111111
610,2.5,2015-08-25,12.938625,0.0,0.0,2.5,0.8333333333333334,6.278888888888889
611,0.0,2015-08-26,10.868,0.0,0.0,0.0,0.8333333333333334,6.278888888888889
612,0.0,2015-08-27,25.78891667,0.0,0.0,0.0,0.8333333333333334,6.278888888888889
613,31.7,2015-08-28,27.87775,51.6,17.19999999999998,31.7,10.566666666666666,6.63111111111111
614,0.0,2015-08-29,14.95658333,0.0,17.19999999999998,0.0,10.566666666666666,6.63111111111111
615,0.0,2015-08-30,13.193625,0.0,17.19999999999998,0.0,10.566666666666666,6.624444444444444
616,0.5,2015-09-03,9.805625,0.0,0.0,0.5,0.1666666666666666,6.532222222222222
617,0.0,2015-09-04,8.956208333,5.4,1.7999999999999812,0.0,0.1666666666666666,6.485555555555555
618,0.0,2015-09-05,7.504666667,0.0,1.7999999999999812,0.0,0.1666666666666666,6.485555555555555
619,0.0,2015-09-06,6.938,0.0,1.7999999999999812,0.0,0.0,6.485555555555555
620,4.5,2015-09-17,6.089041667,0.0,0.0,4.5,1.5,6.42
621,0.0,2015-09-18,4.8855,0.0,0.0,0.0,1.5,6.125555555555555
622,0.7,2015-09-19,4.673,0.0,0.0,0.7,1.7333333333333334,6.133333333333334
623,22.5,2015-09-20,9.621708333,0.0,0.0,22.5,7.733333333333333,6.383333333333334
624,12.0,2015-09-21,7.589791667,15.8,5.266666666666648,12.0,11.733333333333334,6.516666666666667
625,0.0,2015-09-22,10.151625,0.0,5.266666666666648,0.0,11.5,6.516666666666667
626,14.5,2015-09-23,11.05895833,8.2,7.999999999999981,14.5,8.833333333333334,6.272222222222222
627,3.0,2015-09-24,7.20375,0.0,2.7333333333333143,3.0,5.833333333333333,6.305555555555555
628,0.0,2015-09-25,6.177541667,0.0,2.7333333333333143,0.0,5.833333333333333,6.305555555555555
629,0.0,2015-09-26,5.841083333,0.0,0.0,0.0,1.0,6.305555555555555
630,4.5,2015-09-27,5.2395,0.0,0.0,4.5,1.5,6.355555555555555
631,0.0,2015-09-28,5.098,0.0,0.0,0.0,1.5,6.15
632,0.0,2015-09-29,4.673,0.0,0.0,0.0,1.5,6.15
633,0.0,2016-05-31,1.1609907270000104,0.0,2.999999999999981,0.0,1.7999999999999998,1.4155555555555557
634,0.0,2016-06-01,1.0194064920000092,0.0,0.0,0.0,0.1999999999999999,1.4155555555555557
635,1.0,2016-06-06,0.7079211750000063,0.0,0.0,1.0,0.3333333333333333,1.1944444444444444
636,25.4,2016-06-07,2.2936646070000206,0.0,0.0,25.4,8.799999999999999,1.4766666666666668
637,9.8,2016-06-08,4.559012367000041,38.6,12.866666666666648,9.8,12.066666666666668,1.5855555555555554
638,12.5,2016-06-09,3.029902629000027,0.0,12.866666666666648,12.5,15.9,1.718888888888889
639,1.2,2016-06-10,2.20871406600002,20.0,19.533333333333317,1.2,7.833333333333333,1.6933333333333334
640,0.0,2016-06-11,1.783961361000016,0.0,6.666666666666647,0.0,4.566666666666666,1.3877777777777778
641,0.0,2016-06-12,1.6423771260000146,0.0,6.666666666666647,0.0,0.3999999999999999,1.3577777777777778
642,0.0,2016-06-13,1.5007928910000137,5.4,1.7999999999999812,0.0,0.0,1.3577777777777778
643,0.0,2016-06-14,8.041984548000071,95.6,33.66666666666665,0.0,0.0,1.3577777777777778
644,31.4,2016-06-15,48.45012521700043,69.4,56.79999999999998,31.4,10.466666666666669,1.7066666666666666
645,43.5,2016-06-16,80.84459818500072,81.2,82.06666666666665,43.5,24.96666666666667,2.145555555555556
646,0.0,2016-06-17,9.571094286000086,0.0,50.19999999999999,0.0,24.96666666666667,2.145555555555556
647,0.0,2016-06-18,4.47406182600004,0.0,27.06666666666665,0.0,14.5,2.101111111111111
648,0.0,2016-06-19,3.511289028000032,0.0,0.0,0.0,0.0,2.101111111111111
649,0.0,2016-06-20,3.001585782000027,0.0,0.0,0.0,0.0,2.101111111111111
650,0.0,2016-06-21,3.058219476000027,0.0,0.0,0.0,0.0,2.101111111111111
651,0.0,2016-06-22,3.34138794600003,0.0,0.0,0.0,0.0,2.101111111111111
652,0.8,2016-06-23,2.690100465000024,0.0,0.0,0.8,0.2666666666666666,2.11
653,0.0,2016-06-24,2.2936646070000206,0.0,0.0,0.0,0.2666666666666666,2.11
654,0.0,2016-06-25,1.670693973000015,0.0,0.0,0.0,0.2666666666666666,2.11
655,1.5,2016-06-26,2.18039721900002,0.0,0.0,1.5,0.5,2.126666666666667
656,0.0,2016-06-27,2.350298301000021,0.0,0.0,0.0,0.5,2.126666666666667
657,1.5,2016-06-28,2.2936646070000206,0.0,0.0,1.5,1.0,2.143333333333333
658,2.5,2016-06-29,3.256437405000029,0.0,0.0,2.5,1.3333333333333333,2.171111111111111
659,0.0,2016-06-30,3.3980216400000303,0.0,0.0,0.0,1.3333333333333333,2.171111111111111
660,24.8,2016-07-01,9.08970788700008,85.0,28.333333333333314,24.8,9.1,2.4466666666666663
661,13.8,2016-07-02,109.18976203200096,195.0,93.33333333333331,13.8,12.866666666666667,2.6
662,53.0,2016-07-03,15.942384861000145,105.0,128.33333333333331,53.0,30.53333333333333,3.188888888888889
663,1.0,2016-07-04,7.220795985000064,0.0,100.0,1.0,22.600000000000005,3.2
664,0.0,2016-07-05,6.5695085040000585,0.0,34.99999999999998,0.0,18.0,3.2
665,17.4,2016-07-06,9.514460592000084,0.0,0.0,17.4,6.133333333333333,3.333333333333333
666,0.0,2016-07-07,4.6439629080000415,0.0,0.0,0.0,5.8,3.326666666666666
667,0.0,2016-07-08,4.134259662000037,0.0,0.0,0.0,5.8,3.326666666666666
668,2.5,2016-07-10,4.360794438000039,0.0,0.0,2.5,0.8333333333333334,3.3544444444444443
669,0.0,2016-07-11,3.992675427000036,0.0,0.0,0.0,0.8333333333333334,3.3544444444444443
670,0.0,2016-07-12,4.105942815000037,0.0,0.0,0.0,0.8333333333333334,3.3544444444444443
671,0.0,2016-07-13,4.898814531000044,20.0,6.666666666666647,0.0,0.0,3.3544444444444443
672,1.8,2016-07-14,5.52178516500005,30.0,16.666666666666647,1.8,0.6,3.3744444444444444
673,0.0,2016-07-15,4.134259662000037,0.0,16.666666666666647,0.0,0.6,3.3744444444444444
674,0.0,2016-07-16,4.105942815000037,0.0,9.99999999999998,0.0,0.6,3.3744444444444444
675,0.0,2016-07-17,19.906743441000177,0.0,0.0,0.0,0.0,3.3744444444444444
676,10.0,2016-07-18,9.486143745000083,15.0,4.999999999999981,10.0,3.333333333333333,3.4855555555555555
677,13.4,2016-07-19,6.116438952000054,0.0,4.999999999999981,13.4,7.8,3.6344444444444446
678,0.0,2016-07-20,4.559012367000041,7.0,7.333333333333314,0.0,7.8,3.6344444444444446
679,0.0,2016-07-21,3.907724886000035,0.0,2.3333333333333144,0.0,4.466666666666667,3.6344444444444446
680,11.8,2016-07-22,4.304160744000038,5.0,3.999999999999981,11.8,3.9333333333333336,3.7655555555555553
681,4.0,2016-07-23,6.371290575000057,38.4,14.466666666666647,4.0,5.266666666666667,3.81
682,2.4,2016-07-24,4.700596602000042,0.0,14.466666666666647,2.4,6.066666666666666,3.836666666666667
683,0.0,2016-07-25,3.9643585800000354,0.0,12.79999999999998,0.0,2.1333333333333333,3.836666666666667
684,0.0,2016-07-26,29.930907279000262,0.0,0.0,0.0,0.7999999999999999,3.836666666666667
685,0.0,2016-07-27,5.493468318000049,0.0,0.0,0.0,0.0,3.836666666666667
686,1.0,2016-07-28,6.65445904500006,0.0,0.0,1.0,0.3333333333333333,3.847777777777778
687,0.0,2016-07-29,8.070301395000072,0.0,0.0,0.0,0.3333333333333333,3.847777777777778
688,0.0,2016-07-30,15.206146839000136,0.0,0.0,0.0,0.3333333333333333,3.847777777777778
689,6.5,2016-07-31,23.58793355100021,23.0,7.666666666666647,6.5,2.1666666666666665,3.92
690,16.2,2016-08-01,157.8947388720014,54.0,25.666666666666647,16.2,7.566666666666666,4.1
691,0.0,2016-08-02,36.302197854000326,40.4,39.13333333333332,0.0,7.566666666666666,4.1
692,0.4,2016-08-03,26.41961825100024,6.0,33.46666666666665,0.4,5.533333333333332,4.033333333333333
693,0.0,2016-08-04,24.89050851300022,0.0,15.466666666666647,0.0,0.1333333333333333,4.026666666666666
694,0.0,2016-08-05,20.21822875800018,16.0,7.333333333333314,0.0,0.1333333333333333,4.026666666666666
695,2.0,2016-08-06,30.497244219000272,10.0,8.666666666666648,2.0,0.6666666666666666,4.0488888888888885
696,33.5,2016-08-07,148.72008044400133,60.0,28.666666666666647,33.5,11.833333333333334,4.421111111111111
697,2.0,2016-08-08,43.55131068600039,107.0,58.99999999999998,2.0,12.5,4.443333333333333
698,0.0,2016-08-09,69.09310668000062,0.0,55.66666666666665,0.0,11.833333333333334,4.094444444444444
699,43.5,2016-08-10,44.4574497900004,8.0,38.333333333333314,43.5,15.166666666666666,4.5777777777777775
700,0.7,2016-08-11,109.21807887900096,8.0,5.333333333333314,0.7,14.733333333333334,4.5855555555555565
701,42.2,2016-08-12,88.23529525200078,62.0,25.999999999999982,42.2,28.8,5.054444444444445
702,4.2,2016-08-13,70.11251317200063,0.0,23.333333333333314,4.2,15.700000000000005,5.101111111111111
703,9.8,2016-08-14,45.3352720470004,0.0,20.666666666666647,9.8,18.73333333333333,5.21
704,0.0,2016-08-15,32.08298765100029,0.0,0.0,0.0,4.666666666666667,5.21
705,0.0,2016-08-16,24.380805267000216,0.0,0.0,0.0,3.266666666666667,5.21
706,10.0,2016-08-18,21.9738732720002,60.0,19.999999999999982,10.0,3.333333333333333,5.321111111111112
707,0.0,2016-08-19,17.78297991600016,0.0,19.999999999999982,0.0,3.333333333333333,5.304444444444445
708,0.4,2016-08-20,33.159027837000295,0.0,19.999999999999982,0.4,3.466666666666667,5.308888888888889
709,40.7,2016-08-21,17.72634622200016,12.0,3.999999999999981,40.7,13.7,5.761111111111111
710,1.4,2016-08-22,30.29902629000027,14.0,8.666666666666648,1.4,14.166666666666666,5.632222222222223
711,13.2,2016-08-23,22.5685270590002,15.0,13.666666666666648,13.2,18.433333333333334,5.778888888888889
712,0.8,2016-08-24,19.00060433700017,0.0,9.666666666666648,0.8,5.133333333333334,5.7877777777777775
713,0.0,2016-08-25,17.216642976000152,0.0,4.999999999999981,0.0,4.666666666666667,5.7877777777777775
714,0.0,2016-08-26,39.61526895300035,0.0,0.0,0.0,0.2666666666666666,5.7877777777777775
715,10.0,2016-08-27,19.28377280700017,4.0,1.3333333333333144,10.0,3.333333333333333,5.8455555555555545
716,0.0,2016-08-28,16.395454413000145,0.0,1.3333333333333144,0.0,3.333333333333333,5.838888888888889
717,0.0,2016-08-29,25.51347914700023,0.0,1.3333333333333144,0.0,3.333333333333333,5.838888888888889
718,11.5,2016-08-30,18.71743586700017,7.0,2.3333333333333144,11.5,3.8333333333333335,5.966666666666667
719,0.5,2016-08-31,19.42535704200017,0.0,2.3333333333333144,0.5,4.0,5.972222222222222
720,1.0,2016-09-01,24.947142207000223,0.0,2.3333333333333144,1.0,4.333333333333333,5.983333333333333
721,7.5,2016-09-02,24.60734004300022,10.0,3.3333333333333144,7.5,3.0,6.066666666666666
722,0.0,2016-09-03,16.84852396500015,0.0,3.3333333333333144,0.0,2.833333333333333,6.066666666666666
723,0.0,2016-09-04,15.60258269700014,0.0,3.3333333333333144,0.0,2.5,6.055555555555555
724,0.0,2016-09-06,17.556445140000157,0.0,0.0,0.0,0.0,5.664444444444444
725,0.0,2016-09-07,12.799214844000112,0.0,0.0,0.0,0.0,5.525555555555556
726,0.0,2016-09-08,18.57585163200017,0.0,0.0,0.0,0.0,5.512222222222222
727,14.6,2016-09-09,17.10337558800015,0.0,0.0,14.6,4.866666666666666,5.674444444444445
728,2.7,2016-09-10,16.53703864800015,0.0,0.0,2.7,5.766666666666667,5.704444444444444
729,1.0,2016-09-11,24.918825360000223,0.0,0.0,1.0,6.1000000000000005,5.715555555555556
730,0.0,2016-09-12,21.09605101500019,39.0,12.99999999999998,0.0,1.2333333333333334,5.715555555555556
731,0.0,2016-09-13,17.329910364000156,0.0,12.99999999999998,0.0,0.3333333333333333,5.366666666666666
732,9.2,2016-09-14,14.724760440000132,5.0,14.666666666666648,9.2,3.0666666666666664,4.985555555555555
733,0.0,2016-09-15,10.817035554000096,0.0,1.6666666666666476,0.0,3.0666666666666664,4.985555555555556
734,0.0,2016-09-16,9.14634158100008,0.0,1.6666666666666476,0.0,3.0666666666666664,4.985555555555556
735,0.5,2016-09-18,9.14634158100008,0.0,0.0,0.5,0.1666666666666666,4.991111111111112
736,0.0,2016-09-19,7.8720834660000705,0.0,0.0,0.0,0.1666666666666666,4.991111111111112
737,0.0,2016-09-20,6.937627515000062,0.0,0.0,0.0,0.1666666666666666,4.991111111111112
738,1.7,2016-09-22,12.827531691000114,0.0,0.0,1.7,0.5666666666666667,5.001111111111111
739,4.0,2016-09-23,9.372876357000084,0.0,0.0,4.0,1.9,5.045555555555556
740,0.0,2016-09-24,7.503964455000067,0.0,0.0,0.0,1.9,5.028888888888889
741,0.0,2016-09-25,7.730499231000069,0.0,0.0,0.0,1.3333333333333333,5.028888888888889
742,9.7,2017-05-31,1.7556445140000156,41.8,29.933333333333312,9.7,3.733333333333333,1.012222222222222
743,0.0,2017-06-01,2.0671298310000186,0.0,29.933333333333312,0.0,3.233333333333333,1.012222222222222
744,0.0,2017-06-02,1.444159197000013,0.0,13.933333333333314,0.0,3.233333333333333,1.012222222222222
745,31.0,2017-06-07,1.953862443000017,45.2,15.066666666666649,31.0,10.333333333333334,1.2733333333333332
746,4.5,2017-06-08,3.7661406510000335,0.0,15.066666666666649,4.5,11.833333333333334,1.1122222222222222
747,0.0,2017-06-09,2.718417312000024,0.0,15.066666666666649,0.0,11.833333333333334,1.0922222222222224
748,23.8,2017-06-10,2.435248842000022,0.0,0.0,23.8,9.433333333333334,1.3511111111111112
749,0.0,2017-06-11,2.123763525000019,0.0,0.0,0.0,7.933333333333334,1.3511111111111112
750,0.0,2017-06-12,1.6423771260000146,0.0,0.0,0.0,7.933333333333334,1.3511111111111112
751,0.0,2017-06-13,1.444159197000013,0.0,0.0,0.0,0.0,1.3511111111111112
752,4.6,2017-06-15,1.10435703300001,3.3,1.099999999999981,4.6,1.5333333333333332,1.36
753,0.0,2017-06-16,1.1609907270000104,0.0,1.099999999999981,0.0,1.5333333333333332,1.36
754,0.0,2017-06-17,1.0194064920000092,0.0,1.099999999999981,0.0,1.5333333333333332,1.36
755,0.0,2017-06-18,1.0760401860000095,0.0,0.0,0.0,0.0,1.3544444444444443
756,0.0,2017-06-19,1.7556445140000156,14.2,4.733333333333314,0.0,0.0,1.3544444444444443
757,2.8,2017-06-20,1.670693973000015,27.8,13.99999999999998,2.8,0.9333333333333332,1.3855555555555554
758,2.0,2017-06-21,2.605149924000023,1.3,14.433333333333314,2.0,1.6,1.4077777777777776
759,0.3,2017-06-22,8.240202477000073,19.0,16.033333333333314,0.3,1.7,1.4111111111111112
760,0.5,2017-06-23,5.63505255300005,6.25,8.849999999999982,0.5,0.9333333333333332,1.4166666666666667
761,0.0,2017-06-24,3.143170017000028,0.0,8.416666666666648,0.0,0.2666666666666666,1.4166666666666667
762,0.0,2017-06-25,2.690100465000024,0.0,2.0833333333333144,0.0,0.1666666666666666,1.4166666666666667
763,0.0,2017-06-26,2.350298301000021,0.0,0.0,0.0,1.8503717077085938e-17,1.4166666666666667
764,0.0,2017-06-27,2.20871406600002,0.0,0.0,0.0,1.8503717077085938e-17,1.4166666666666667
765,0.0,2017-06-28,2.633466771000024,0.0,0.0,0.0,1.8503717077085938e-17,1.4166666666666667
766,15.4,2017-06-29,3.284754252000029,9.1,3.033333333333314,15.4,5.133333333333334,1.5877777777777775
767,1.3,2017-06-30,3.256437405000029,0.3,3.1333333333333147,1.3,5.566666666666666,1.602222222222222
768,4.7,2017-07-01,3.001585782000027,0.0,3.1333333333333147,4.7,7.133333333333333,1.6544444444444446
769,40.5,2017-07-02,3.284754252000029,21.8,7.366666666666648,40.5,15.5,2.1044444444444443
770,0.0,2017-07-03,3.3980216400000303,4.0,8.599999999999982,0.0,15.066666666666668,2.1044444444444443
771,0.0,2017-07-04,3.1998037110000284,0.0,8.599999999999982,0.0,13.5,2.102222222222222
772,0.0,2017-07-05,2.491882536000022,0.0,1.3333333333333144,0.0,0.0,1.8222222222222224
773,0.2,2017-07-06,2.26534776000002,0.0,0.0,0.2,0.0666666666666666,1.8133333333333328
774,3.2,2017-07-07,3.681190110000033,0.0,0.0,3.2,1.1333333333333335,1.8488888888888888
775,0.0,2017-07-08,4.190893356000037,0.0,0.0,0.0,1.1333333333333335,1.8488888888888888
776,0.0,2017-07-09,2.350298301000021,0.0,0.0,0.0,1.0666666666666669,1.8488888888888888
777,20.0,2017-07-10,3.511289028000032,13.6,4.533333333333315,20.0,6.666666666666667,2.0711111111111107
778,12.0,2017-07-11,30.75209584200028,64.2,25.933333333333312,12.0,10.666666666666666,2.204444444444444
779,17.5,2017-07-12,29.449520880000264,47.8,41.866666666666646,17.5,16.5,2.3988888888888886
780,0.0,2017-07-13,8.041984548000071,1.95,37.98333333333331,0.0,9.833333333333334,2.3988888888888886
781,0.0,2017-07-14,4.389111285000039,0.0,16.583333333333314,0.0,5.833333333333333,2.3988888888888886
782,0.0,2017-07-15,3.624556416000032,0.0,0.649999999999981,0.0,0.0,2.3988888888888886
783,10.0,2017-07-18,7.645548690000068,0.0,0.0,10.0,3.333333333333333,2.51
784,0.0,2017-07-19,3.7661406510000335,0.0,0.0,0.0,3.333333333333333,2.51
785,0.0,2017-07-20,4.049309121000036,0.0,0.0,0.0,3.333333333333333,2.51
786,6.8,2017-07-21,19.45367388900017,30.0,9.99999999999998,6.8,2.2666666666666666,2.5544444444444445
787,0.0,2017-07-22,53.26398920700048,17.0,15.666666666666648,0.0,2.2666666666666666,2.515555555555556
788,7.7,2017-07-23,49.52616540300044,42.0,29.666666666666647,7.7,4.833333333333333,2.5477777777777777
789,3.5,2017-07-24,18.689119020000167,25.1,28.033333333333317,3.5,3.733333333333333,2.5866666666666664
790,3.5,2017-07-25,24.52238950200022,10.8,25.96666666666665,3.5,4.9,2.625555555555555
791,0.0,2017-07-26,26.079816087000232,1.8,12.566666666666649,0.0,2.333333333333333,2.603333333333333
792,54.7,2017-07-27,20.18991191100018,2.0,4.8666666666666485,54.7,19.4,3.2111111111111112
793,0.0,2017-07-28,8.86317311100008,0.0,1.2666666666666475,0.0,18.23333333333333,3.2111111111111112
794,0.0,2017-07-29,16.99010820000015,2.2,1.399999999999981,0.0,18.23333333333333,3.1944444444444446
795,0.0,2017-07-30,13.054066467000116,9.4,3.866666666666648,0.0,0.0,3.161111111111111
796,1.4,2017-07-31,21.8606058840002,7.1,6.233333333333314,1.4,0.4666666666666666,3.1766666666666663
797,13.2,2017-08-01,24.72060743100022,3.8,6.766666666666648,13.2,4.866666666666666,3.323333333333333
798,20.0,2017-08-02,16.282187025000145,4.0,4.966666666666647,20.0,11.533333333333331,3.545555555555556
799,18.5,2017-08-03,11.921392587000106,7.0,4.933333333333313,18.5,17.233333333333334,3.7511111111111113
800,29.0,2017-08-04,350.6191995540031,58.4,23.13333333333331,29.0,22.5,4.073333333333333
801,51.5,2017-08-05,194.9614915950017,20.6,28.666666666666647,51.5,33.0,4.645555555555556
802,8.0,2017-08-06,167.4375163110015,0.0,26.333333333333314,8.0,29.5,4.734444444444445
803,0.5,2017-08-07,43.60794438000039,5.8,8.799999999999981,0.5,20.0,4.74
804,2.8,2017-08-08,68.13033388200061,36.0,13.933333333333314,2.8,3.766666666666667,4.763333333333334
805,6.8,2017-08-09,32.649324591000294,5.6,15.79999999999998,6.8,3.3666666666666667,4.833333333333333
806,0.0,2017-08-10,26.391301404000234,0.0,13.866666666666648,0.0,3.2,4.833333333333333
807,18.2,2017-08-11,41.17269553800037,9.8,5.133333333333314,18.2,8.333333333333334,5.035555555555556
808,8.5,2017-08-12,30.667145301000275,0.0,3.266666666666648,8.5,8.9,5.13
809,8.7,2017-08-13,102.33708505800092,0.0,3.266666666666648,8.7,11.8,5.226666666666667
810,22.2,2017-08-14,46.55289646800041,34.1,11.366666666666648,22.2,13.133333333333333,5.473333333333334
811,0.0,2017-08-15,22.5118933650002,2.0,12.033333333333315,0.0,10.3,5.473333333333334
812,0.0,2017-08-16,14.186740347000129,0.0,12.033333333333315,0.0,7.399999999999999,5.473333333333334
813,1.0,2017-08-17,13.903571877000124,0.0,0.6666666666666478,1.0,0.3333333333333333,5.484444444444445
814,0.0,2017-08-18,13.36555178400012,0.0,0.0,0.0,0.3333333333333333,5.471111111111112
815,3.0,2017-08-19,78.3810324960007,2.1,0.6999999999999811,3.0,1.3333333333333333,5.504444444444445
816,37.7,2017-08-20,37.604772816000335,56.4,19.499999999999982,37.7,13.566666666666668,5.923333333333334
817,0.0,2017-08-21,58.89904176000053,0.0,19.499999999999982,0.0,13.566666666666668,5.923333333333334
818,5.0,2017-08-22,27.86377744800025,4.2,20.19999999999998,5.0,14.233333333333334,5.978888888888889
819,0.0,2017-08-23,33.7819984710003,0.0,1.399999999999981,0.0,1.6666666666666667,5.978888888888889
820,87.5,2017-08-24,41.25764607900037,58.4,20.86666666666665,87.5,30.83333333333333,6.951111111111112
821,0.0,2017-08-25,82.43034161700074,0.0,19.466666666666647,0.0,29.166666666666668,6.946666666666667
822,28.8,2017-08-26,34.68813757500031,38.8,32.39999999999998,28.8,38.766666666666666,7.266666666666667
823,0.0,2017-08-27,28.31684700000025,0.0,12.933333333333314,0.0,9.6,7.25
824,0.0,2017-08-28,24.86219166600022,0.0,12.933333333333314,0.0,9.6,7.25
825,1.3,2017-08-29,23.30476508100021,3.2,1.0666666666666478,1.3,0.4333333333333333,7.156666666666667
826,4.5,2017-08-30,21.520803720000192,0.0,1.0666666666666478,4.5,1.9333333333333331,7.206666666666667
827,0.0,2017-08-31,33.6970479300003,0.0,1.0666666666666478,0.0,1.9333333333333331,7.206666666666667
828,12.5,2017-09-01,36.330514701000325,66.8,22.266666666666648,12.5,5.666666666666667,7.345555555555555
829,39.0,2017-09-02,35.56595983200032,47.8,38.19999999999998,39.0,17.166666666666668,7.778888888888889
830,1.0,2017-09-03,27.07090573200024,0.0,38.19999999999998,1.0,17.5,7.79
831,0.0,2017-09-04,23.27644823400021,0.0,15.933333333333314,0.0,13.333333333333334,7.79
832,0.0,2017-09-05,20.501397228000183,0.0,0.0,0.0,0.3333333333333333,7.445555555555556
833,1.7,2017-09-07,25.060409595000223,0.0,0.0,1.7,0.5666666666666667,7.4144444444444435
834,2.0,2017-09-08,20.586347769000184,34.6,11.533333333333315,2.0,1.2333333333333334,7.172222222222223
835,0.0,2017-09-09,17.556445140000157,0.0,11.533333333333315,0.0,1.2333333333333334,7.172222222222223
836,0.0,2017-09-10,15.942384861000145,0.0,11.533333333333315,0.0,0.6666666666666666,7.172222222222223
837,0.0,2017-09-11,14.016839265000126,0.0,0.0,0.0,7.401486830834377e-17,7.172222222222223
838,0.0,2017-09-12,12.459412680000112,0.0,0.0,0.0,7.401486830834377e-17,7.172222222222223
839,0.0,2017-09-13,11.411689341000102,0.0,0.0,0.0,7.401486830834377e-17,7.121111111111111
840,0.0,2017-09-14,10.16574807300009,0.0,0.0,0.0,7.401486830834377e-17,7.121111111111111
841,0.0,2017-09-15,9.14634158100008,0.0,0.0,0.0,7.401486830834377e-17,7.121111111111111
842,0.0,2017-09-16,8.381786712000075,0.0,0.0,0.0,7.401486830834377e-17,7.121111111111111
843,0.0,2017-09-17,8.381786712000075,0.0,0.0,0.0,7.401486830834377e-17,7.121111111111111
844,0.0,2017-09-18,7.617231843000068,0.0,0.0,0.0,7.401486830834377e-17,7.089999999999999
845,0.0,2017-09-19,6.937627515000062,0.0,0.0,0.0,7.401486830834377e-17,7.067777777777777
846,0.0,2017-09-20,6.512874810000058,0.0,0.0,0.0,7.401486830834377e-17,7.064444444444444
847,0.0,2017-09-21,6.088122105000054,0.0,0.0,0.0,7.401486830834377e-17,7.058888888888888
848,0.0,2017-09-22,12.855848538000116,0.0,0.0,0.0,7.401486830834377e-17,7.058888888888888
849,61.7,2017-09-23,36.01902938400032,31.8,10.599999999999982,61.7,20.566666666666663,7.7444444444444445
850,33.8,2017-09-24,25.485162300000223,28.5,20.09999999999998,33.8,31.83333333333333,8.12
851,0.0,2017-09-25,17.188326129000153,0.0,20.09999999999998,0.0,31.83333333333333,8.12
852,0.0,2017-09-26,13.47881917200012,0.0,9.49999999999998,0.0,11.266666666666666,8.12
853,4.8,2017-09-29,10.22238176700009,0.0,0.0,4.8,1.6,7.935555555555556
854,10.5,2018-06-02,0.2831684700000025,10.7,3.566666666666648,10.5,3.5,0.8577777777777779
855,0.0,2018-06-03,0.2548516230000023,0.0,3.566666666666648,0.0,3.5,0.8577777777777779
856,0.0,2018-06-04,0.226534776000002,0.0,3.566666666666648,0.0,3.5,0.8577777777777779
857,17.4,2018-06-05,0.3681190110000032,4.35,1.4499999999999809,17.4,5.8,1.051111111111111
858,1.6,2018-06-06,0.3681190110000032,22.15,8.833333333333314,1.6,6.333333333333333,1.0688888888888888
859,0.0,2018-06-07,0.2831684700000025,0.0,8.833333333333314,0.0,6.333333333333333,1.0688888888888888
860,0.0,2018-06-08,0.3114853170000027,0.0,7.383333333333314,0.0,0.5333333333333333,1.0688888888888888
861,19.2,2018-06-09,0.7645548690000068,14.733333333333334,4.911111111111093,19.2,6.4,1.2822222222222222
862,1.0,2018-06-10,1.0477233390000094,0.25,4.994444444444426,1.0,6.733333333333333,1.2933333333333332
863,1.0,2018-06-11,1.5007928910000137,0.625,5.202777777777759,1.0,7.066666666666666,1.3044444444444443
864,0.0,2018-06-12,1.0194064920000092,0.0,0.2916666666666477,0.0,0.6666666666666666,1.3044444444444443
865,0.0,2018-06-13,0.5946537870000053,0.0,0.2083333333333143,0.0,0.3333333333333333,1.3044444444444443
866,10.4,2018-06-16,1.0477233390000094,23.05,7.683333333333315,10.4,3.466666666666667,1.3777777777777778
867,3.5,2018-06-17,1.8405950550000163,8.15,10.399999999999984,3.5,4.633333333333334,1.4166666666666667
868,3.4,2018-06-18,2.0954466780000187,1.0,10.733333333333317,3.4,5.766666666666667,1.4544444444444444
869,0.0,2018-06-19,1.444159197000013,0.0,3.049999999999981,0.0,2.3000000000000003,1.4522222222222223
870,0.0,2018-06-20,1.1609907270000104,0.0,0.3333333333333144,0.0,1.1333333333333333,1.3299999999999998
871,0.0,2018-06-21,0.9910896450000088,3.75,1.2499999999999811,0.0,0.0,1.3299999999999998
872,0.0,2018-06-22,0.7079211750000063,0.0,1.2499999999999811,0.0,0.0,1.3299999999999998
873,0.0,2018-06-23,0.5097032460000046,0.0,1.2499999999999811,0.0,0.0,1.3299999999999998
874,0.0,2018-06-27,0.3964358580000035,0.25,0.0833333333333143,0.0,0.0,1.3299999999999998
875,20.0,2018-06-28,1.1893075740000103,17.725,5.9916666666666485,20.0,6.666666666666667,1.5522222222222222
876,0.5,2018-06-29,2.435248842000022,2.425,6.799999999999982,0.5,6.833333333333333,1.5577777777777777
877,0.2,2018-06-30,1.6140602790000145,0.425,6.858333333333316,0.2,6.9,1.56
878,1.5,2018-07-01,1.359208656000012,0.375,1.0749999999999809,1.5,0.7333333333333334,1.5766666666666669
879,0.0,2018-07-02,9.372876357000084,1.225,0.6749999999999812,0.0,0.5666666666666667,1.5766666666666669
880,68.0,2018-07-03,36.92516848800033,44.875,15.491666666666648,68.0,23.166666666666668,2.3322222222222218
881,13.5,2018-07-04,8.381786712000075,13.625,19.908333333333317,13.5,27.166666666666668,2.482222222222222
882,0.0,2018-07-05,5.351884083000048,0.5,19.666666666666647,0.0,27.166666666666668,2.482222222222222
883,0.0,2018-07-06,2.944952088000026,0.0,4.708333333333314,0.0,4.5,2.482222222222222
884,0.0,2018-07-07,2.123763525000019,0.0,0.1666666666666477,0.0,0.0,2.4744444444444444
885,6.2,2018-07-10,2.690100465000024,4.95,1.649999999999981,6.2,2.066666666666667,2.348888888888889
886,18.0,2018-07-11,18.151098927000163,6.8,3.916666666666648,18.0,8.066666666666666,2.54
887,1.8,2018-07-12,4.134259662000037,10.575,7.441666666666648,1.8,8.666666666666666,2.56
888,11.4,2018-07-13,4.332477591000039,9.2,8.858333333333315,11.4,10.4,2.6866666666666665
889,5.5,2018-07-14,3.567922722000032,3.375,7.716666666666647,5.5,6.233333333333334,2.747777777777777
890,4.0,2018-07-15,4.44574497900004,8.55,7.041666666666647,4.0,6.966666666666666,2.786666666666666
891,20.0,2018-07-16,3.1998037110000284,6.9,6.274999999999982,20.0,9.833333333333334,3.008888888888889
892,1.2,2018-07-17,2.491882536000022,1.325,5.591666666666648,1.2,8.4,3.022222222222222
893,1.0,2018-07-18,2.605149924000023,2.95,3.724999999999981,1.0,7.399999999999999,3.033333333333333
894,2.5,2018-07-19,3.4263384870000304,8.025,4.099999999999981,2.5,1.5666666666666669,3.061111111111111
895,0.0,2018-07-20,5.493468318000049,9.375,6.783333333333315,0.0,1.1666666666666667,3.0188888888888887
896,6.2,2018-07-21,6.76772643300006,3.3,6.899999999999981,6.2,2.9,3.0877777777777777
897,8.5,2018-07-22,10.647134472000095,21.325000000000003,11.333333333333314,8.5,4.9,3.182222222222222
898,0.0,2018-07-23,8.721588876000078,2.6,9.074999999999983,0.0,4.9,3.182222222222222
899,97.0,2018-07-24,30.07249151400027,37.55,20.49166666666665,97.0,35.166666666666664,4.26
900,5.6,2018-07-25,15.291097380000137,2.275,14.141666666666646,5.6,34.2,4.322222222222222
901,11.5,2018-07-26,61.87231069500055,13.55,17.791666666666647,11.5,38.03333333333333,4.45
902,23.0,2018-07-27,11.3833724940001,53.425,23.083333333333314,23.0,13.366666666666667,4.622222222222222
903,5.2,2018-07-28,187.68406191600167,43.775000000000006,36.91666666666665,5.2,13.233333333333334,4.635555555555555
904,0.0,2018-07-29,41.79566617200037,5.75,34.31666666666665,0.0,9.4,4.635555555555555
905,0.0,2018-07-30,20.16159506400018,0.0,16.508333333333315,0.0,1.7333333333333334,4.635555555555555
906,0.0,2018-07-31,14.384958276000129,0.0,1.916666666666648,0.0,0.0,4.635555555555555
907,4.2,2018-08-01,12.232877904000109,1.3,0.4333333333333144,4.2,1.4,4.5744444444444445
908,0.0,2018-08-02,8.211885630000074,0.0,0.4333333333333144,0.0,1.4,4.5744444444444445
909,0.2,2018-08-03,8.353469865000074,0.175,0.4916666666666477,0.2,1.4666666666666668,4.576666666666666
910,21.8,2018-08-04,6.71109273900006,5.825,1.999999999999981,21.8,7.333333333333333,4.81
911,19.0,2018-08-05,17.10337558800015,4.75,3.5833333333333144,19.0,13.666666666666666,5.017777777777777
912,32.0,2018-08-06,44.2025981670004,28.475,13.016666666666646,32.0,24.266666666666666,5.3533333333333335
913,26.2,2018-08-07,32.98912675500029,35.375,22.86666666666665,26.2,25.73333333333333,5.625555555555555
914,1.4,2018-08-08,33.0740772960003,1.5,21.783333333333317,1.4,19.866666666666667,5.641111111111111
915,2.4,2018-08-09,25.79664761700023,0.6,12.491666666666648,2.4,10.0,5.667777777777777
916,1.0,2018-08-10,21.4924868730002,0.375,0.8249999999999811,1.0,1.6,5.678888888888888
917,0.0,2018-08-11,14.951295216000132,0.0,0.324999999999981,0.0,1.1333333333333333,5.663333333333333
918,67.6,2018-08-12,334.42196307000296,38.7,13.024999999999984,67.6,22.866666666666664,6.401111111111112
919,183.0,2018-08-13,1307.6436776130115,136.325,58.34166666666664,183.0,83.53333333333333,8.434444444444445
920,8.7,2018-08-14,190.0060433700017,22.15,65.72499999999998,8.7,86.43333333333334,8.53111111111111
921,0.0,2018-08-15,100.7796584730009,0.0,52.82499999999997,0.0,63.9,8.53111111111111
922,0.0,2018-08-16,73.00083156600066,0.0,7.383333333333304,0.0,2.9,8.53111111111111
923,0.0,2018-08-18,57.93626896200052,8.5,2.833333333333305,0.0,0.0,8.53111111111111
924,0.0,2018-08-19,54.90636633300049,0.0,2.833333333333305,0.0,0.0,8.53111111111111
925,0.0,2018-08-20,68.24360127000061,0.0,2.833333333333305,0.0,0.0,8.53111111111111
926,0.0,2018-08-21,52.52775118500047,3.575,1.1916666666666382,0.0,0.0,8.53111111111111
927,0.0,2018-08-22,46.949332326000416,0.0,1.1916666666666382,0.0,0.0,8.53111111111111
928,2.0,2018-08-23,66.5729072970006,0.5,1.358333333333305,2.0,0.6666666666666666,8.553333333333333
929,29.8,2018-08-24,86.25311596200078,8.575,3.0249999999999715,29.8,10.6,8.884444444444444
930,20.0,2018-08-25,68.10201703500061,6.925,5.333333333333305,20.0,17.266666666666666,9.106666666666667
931,0.0,2018-08-26,49.58279909700044,4.25,6.583333333333305,0.0,16.599999999999998,9.106666666666667
932,0.0,2018-08-27,44.3441824020004,0.0,3.724999999999972,0.0,6.666666666666667,9.106666666666667
933,0.0,2018-08-28,45.3352720470004,0.625,1.6249999999999716,0.0,0.0,9.106666666666667
934,4.7,2018-08-29,100.4115394620009,4.05,1.558333333333305,4.7,1.5666666666666669,9.158888888888889
935,0.0,2018-08-30,44.9671530360004,0.0,1.558333333333305,0.0,1.5666666666666669,9.158888888888889
936,1.2,2018-08-31,44.06101393200039,0.3,1.4499999999999715,1.2,1.9666666666666668,9.055555555555555
937,3.0,2018-09-01,50.37567081300045,0.75,0.3499999999999716,3.0,1.4,9.088888888888889
938,6.2,2018-09-02,54.82141579200049,1.9,0.983333333333305,6.2,3.466666666666667,9.157777777777778
939,2.8,2018-09-03,43.77784546200039,6.9750000000000005,3.208333333333305,2.8,4.0,8.995555555555557
940,1.1,2018-09-04,55.274485344000496,1.275,3.383333333333305,1.1,3.366666666666667,8.99
941,0.0,2018-09-05,50.71547297700045,22.575,10.274999999999972,0.0,1.3,8.99
942,0.0,2018-09-06,68.3851855050006,0.0,7.949999999999971,0.0,0.3666666666666667,8.99
943,14.8,2018-09-07,69.51785938500062,10.6,11.058333333333303,14.8,4.933333333333334,8.94111111111111
944,4.8,2018-09-08,62.58023187000056,6.075,5.558333333333305,4.8,6.533333333333334,8.983333333333333
945,0.8,2018-09-09,59.975081946000536,0.2,5.624999999999972,0.8,6.800000000000001,8.98111111111111
946,0.8,2018-09-10,58.16280373800052,2.375,2.883333333333305,0.8,2.1333333333333333,8.989999999999998
947,15.8,2018-09-11,52.01804793900047,7.325,3.299999999999972,15.8,5.800000000000001,9.165555555555557
948,0.0,2018-09-12,56.71864454100051,0.25,3.3166666666666385,0.0,5.533333333333334,9.165555555555557
949,8.7,2018-09-13,72.85924733100065,17.35,8.308333333333305,8.7,8.166666666666666,9.26222222222222
950,11.0,2018-09-14,60.59805258000054,3.625,7.074999999999972,11.0,6.566666666666667,9.268888888888888
951,0.0,2018-09-15,48.98814531000044,0.0,6.991666666666639,0.0,6.566666666666667,9.23
952,0.0,2018-09-16,46.411312233000416,0.0,1.2083333333333048,0.0,3.6666666666666674,9.192222222222222
953,0.0,2018-09-17,44.5990340250004,0.0,0.0,0.0,5.921189464667501e-16,9.192222222222222
954,0.0,2018-09-18,42.98497374600039,0.0,0.0,0.0,5.921189464667501e-16,9.192222222222222
955,0.0,2018-09-19,40.86121022100036,0.0,0.0,0.0,5.921189464667501e-16,9.192222222222222
956,0.0,2018-09-20,37.15170326400033,0.0,0.0,0.0,5.921189464667501e-16,9.192222222222222
957,0.0,2018-09-21,32.08298765100029,0.0,0.0,0.0,5.921189464667501e-16,9.192222222222222
958,5.5,2018-09-22,199.9735735140018,26.85,8.949999999999973,5.5,1.833333333333334,9.253333333333332
959,76.2,2018-09-23,100.9212427080009,71.89999999999999,32.91666666666664,76.2,27.23333333333333,10.1
960,12.0,2018-09-24,712.9898906130064,21.3,40.01666666666663,12.0,31.23333333333333,10.233333333333333
961,59.3,2018-09-25,207.25100319300185,68.72500000000001,53.974999999999966,59.3,49.16666666666666,10.89222222222222
962,0.0,2018-09-26,130.65393205800115,0.0,30.0083333333333,0.0,23.766666666666666,10.67
963,0.0,2018-09-27,80.50479602100071,0.0,22.908333333333303,0.0,19.766666666666666,10.664444444444444
964,1.2,2018-09-28,66.6012241440006,0.675,0.2249999999999668,1.2,0.3999999999999999,10.675555555555556
965,0.0,2018-09-29,54.84973263900049,0.0,0.2249999999999668,0.0,0.3999999999999999,10.658888888888889
