,2day_kahu,solan,kahu,arki,kasauli,kandaghat,90day_kahu,4day_kahu
0,12.0,0.0,0.5,0.0,0.0,0.125,5.972222222222222,3.0
1,19.0,27.6,19.0,53.2,22.5,0.0,3.252222222222222,6.05
2,20.2,0.0,1.0,0.25,0.0,0.0,1.2933333333333332,5.05
3,51.5,12.6,36.0,3.2,8.0,24.8,4.554444444444444,13.375
4,0.0,3.0,0.0,3.575,6.0,5.3,8.53111111111111,0.0
5,14.5,21.2,14.5,8.2,29.5,7.8,6.272222222222222,12.25
6,0.0,0.0,0.0,15.6,54.5,0.0,7.076666666666668,0.0
7,17.5,19.4,17.5,47.6,12.5,52.2,2.488888888888889,4.5
8,0.8,5.2,0.8,0.0,32.5,26.8,5.201111111111112,0.8
9,27.1,0.0,2.3,3.5,0.0,0.0,7.115,10.0625
10,0.0,0.0,0.0,0.0,30.0,3.0,7.076666666666668,1.875
11,19.8,0.0,0.0,0.0,9.0,0.0,5.602222222222222,5.175
12,7.3,8.8,7.3,5.0,17.5,0.8,8.998888888888889,2.575
13,68.2,4.7,38.0,21.0,18.5,14.3,3.727777777777778,24.65
14,37.7,22.2,23.2,0.0,1.0,38.1,2.1733333333333333,9.425
15,0.0,0.0,0.0,0.0,0.0,1.3,7.873333333333334,0.0
16,32.0,5.0,12.0,64.2,4.5,41.9,2.204444444444444,8.0
17,17.4,0.0,0.0,0.0,0.0,0.0,3.326666666666666,4.6
18,43.5,0.0,29.5,0.0,5.5,0.0,8.427777777777777,10.925
19,26.5,0.0,0.0,13.6,1.0,0.0,1.5711111111111111,6.625
20,7.5,0.0,0.5,1.5,0.0,0.0,8.447222222222223,3.775
21,7.3,0.0,0.0,0.0,0.0,0.0,8.998888888888889,1.825
22,37.5,0.0,15.5,10.2,0.5,1.0,4.437777777777778,12.125000000000004
23,17.4,0.0,17.4,4.35,0.0,0.0,1.051111111111111,6.975
24,15.8,1.2,4.0,38.4,40.0,20.9,3.81,3.95
25,74.5,25.0,74.5,15.2,55.5,43.2,7.935,25.4
26,4.5,1.0,4.5,0.0,17.0,0.0,6.42,1.125
27,2.3,1.2,0.8,2.0,0.0,7.3,7.731666666666667,2.625
28,0.0,0.0,0.0,10.0,12.0,1.3,5.411111111111111,0.0
29,8.9,0.0,1.4,0.0,40.0,0.0,6.006666666666667,23.475
30,26.7,0.0,25.8,0.0,20.0,15.2,3.262222222222222,27.6
31,15.4,27.4,15.4,9.1,14.0,36.4,1.5877777777777775,3.85
32,4.0,28.6,3.5,7.6,29.5,9.2,6.652222222222223,1.875
33,0.3,0.0,0.0,0.0,0.0,0.0,7.102222222222223,0.875
34,9.0,17.6,2.8,6.9750000000000005,5.0,2.5,8.995555555555557,3.3
35,17.5,0.0,3.0,0.0,4.0,0.0,6.305555555555555,7.375
36,9.8,0.0,0.0,0.0,0.0,0.0,5.21,14.05
37,1.6,4.2,0.8,2.375,4.5,0.0,8.989999999999998,5.3
38,5.551115123125783e-17,2.0,0.0,0.0,0.5,29.0,1.4166666666666667,1.3877787807814457e-17
39,4.8,7.2,4.8,0.0,0.0,0.0,7.935555555555556,1.2
40,0.5,11.6,0.0,0.0,0.0,7.2,1.6588888888888886,4.25
41,8.0,0.0,8.0,0.0,0.0,0.0,1.6277777777777778,2.2
42,31.8,0.0,29.8,8.575,4.5,0.0,8.884444444444444,7.95
43,5.2,1.8,5.2,0.0,0.0,3.8,3.041111111111111,12.425
44,5.0,13.4,5.0,9.0,0.0,12.8,0.8666666666666667,1.25
45,14.2,20.0,14.0,48.0,10.0,16.2,8.18,4.175
46,4.0,0.0,2.5,0.0,2.5,1.25,2.171111111111111,1.375
47,11.0,0.0,0.0,0.0,0.0,0.0,9.23,4.924999999999999
48,20.5,0.0,14.0,3.4,0.0,0.0,3.96,9.925
49,4.5,0.0,0.0,0.0,0.0,0.0,1.0922222222222224,8.875
50,4.0,1.1,1.6,5.0,0.0,6.3,7.979444444444444,19.625
51,66.0,0.0,0.0,0.0,8.0,1.4,4.85,18.5
52,0.2,1.0,0.0,0.0,0.0,0.0,1.6611111111111112,2.6
53,1.6,10.8,0.0,15.5,15.0,16.0,8.279444444444444,1.075
54,7.5,0.0,7.5,0.0,57.6,4.8,7.258888888888889,1.875
55,0.0,6.5,0.0,0.0,7.2,17.4,5.602222222222222,4.95
56,37.0,2.4,24.8,19.5,5.0,4.2,7.089444444444445,26.2375
57,17.6,39.7,15.8,0.0,21.5,45.2,5.417777777777778,5.025
58,0.4,0.0,0.0,0.0,0.5,0.125,4.026666666666666,4.15
59,17.4,0.6,17.4,0.0,12.5,7.625,3.333333333333333,17.85
60,3.9,3.0,1.2,2.4,6.5,9.2,5.427777777777778,3.15
61,0.0,9.4,0.0,0.0,24.5,7.6,3.868888888888889,12.2
62,1.0,10.4,0.0,1.0,3.0,11.3,5.241111111111111,0.25
63,63.0,0.6,0.5,0.0,0.0,0.0,2.7777777777777777,37.125
64,0.0,0.0,0.0,8.0,0.0,0.0,3.7233333333333336,0.0
65,0.0,0.0,0.0,0.0,0.0,17.6,5.457777777777777,0.0
66,0.0,0.0,0.0,20.0,0.0,0.0,9.264444444444443,4.625
67,18.6,55.2,0.0,10.0,17.5,13.2,2.9277777777777785,23.7
68,2.6,3.8,1.4,0.6,7.5,0.0,5.443333333333333,3.5
69,40.0,0.0,1.0,0.0,0.0,0.0,7.79,13.125
70,4.7,0.0,0.0,0.0,0.0,0.0,9.158888888888889,1.175
71,1.8,0.0,0.0,0.0,1.5,0.0,5.481111111111111,0.575
72,13.2,12.2,13.2,31.8,4.5,8.6,2.3200000000000003,12.725
73,0.9,1.2,0.0,0.0,0.0,14.0,5.382222222222222,1.35
74,10.5,13.8,10.5,10.7,11.0,7.5,0.8577777777777779,2.625
75,0.0,0.0,0.0,0.0,9.5,0.0,8.615555555555556,5.875
76,4.0,10.6,0.0,0.0,2.0,20.1,5.505555555555556,1.45
77,9.5,6.6,9.5,0.3,7.0,16.0,0.6811111111111111,2.375
78,13.4,0.0,0.0,7.0,0.0,1.75,3.6344444444444446,5.85
79,16.6,0.0,15.8,7.325,13.5,0.0,9.165555555555557,5.550000000000001
80,0.0,0.0,0.0,0.0,1.0,0.0,10.148888888888887,7.5
81,54.7,0.0,54.7,2.0,0.0,0.0,3.2111111111111112,15.425
82,9.900000000000002,43.8,7.1,2.0,84.5,17.6,6.967222222222223,2.725
83,9.5,6.0,9.5,0.0,4.5,14.8,3.674444444444444,9.675000000000004
84,87.5,0.8,87.5,58.4,1.5,0.0,6.951111111111112,23.125
85,3.8000000000000016,0.0,2.8,0.0,0.0,0.0,6.905,1.7
86,3.0,14.0,2.4,0.0,51.0,8.0,5.192222222222222,6.225
87,22.5,0.0,0.6,0.0,0.0,1.4,5.165555555555556,5.625
88,11.9,1.4,11.5,8.2,17.0,9.8,2.591111111111111,25.1
89,4.6,2.6,0.0,0.0,0.0,0.0,1.36,1.15
90,7.0,50.2,2.5,0.0,4.0,24.2,3.707777777777778,7.575000000000004
91,8.5,6.4,0.0,2.6,4.0,0.0,3.182222222222222,3.6750000000000007
92,144.0,10.2,75.0,20.3,80.0,7.3,7.678888888888889,45.75
93,44.5,13.8,34.5,4.4,71.0,14.2,9.926666666666666,11.575
94,138.0,0.0,0.0,2.0,0.0,0.0,8.363333333333333,48.825
95,3.4000000000000004,3.0,3.2,0.0,21.0,9.0,1.8488888888888888,0.8500000000000001
96,3.0,0.0,0.0,0.0,0.0,4.4,5.233333333333333,0.95
97,37.7,1.4,0.0,0.0,7.0,2.0,5.923333333333334,10.175
98,24.8,0.0,24.8,85.0,15.5,31.325,2.4466666666666663,7.2
99,68.0,52.0,68.0,72.7,72.0,61.8,1.4755555555555555,17.7
100,19.7,35.7,19.7,0.2,15.5,0.0,5.662222222222223,4.925
101,3.7,10.8,2.0,34.6,20.5,0.0,7.172222222222223,0.925
102,32.4,24.2,32.4,10.4,18.5,2.2,7.20888888888889,8.325
103,18.5,4.7,18.5,4.2,6.0,4.8,2.0733333333333333,4.625
104,9.5,30.2,4.0,8.55,0.0,0.0,2.786666666666666,5.675000000000001
105,12.1,2.6,4.8,2.0,29.0,8.2,2.597777777777778,16.5
106,1.5,1.4,0.0,1.225,3.5,0.0,1.5766666666666669,0.55
107,0.6,3.2,0.6,0.0,0.5,2.4,1.76,0.15
108,0.0,0.0,0.0,0.0,10.2,0.0,7.451111111111111,8.350000000000001
109,12.0,6.1,12.0,5.0,6.0,0.0,1.6844444444444444,2.999999999999999
110,19.0,0.0,0.0,0.0,0.0,0.0,3.252222222222222,4.75
111,17.0,39.0,17.0,42.0,4.5,40.3,7.021666666666667,5.625
112,0.4,14.5,0.4,12.0,6.5,0.0,3.661111111111111,7.225
113,54.0,0.0,1.0,0.0,10.0,2.75,3.2,23.15
114,1.3,2.4,1.3,3.2,3.0,0.0,7.156666666666667,7.525
115,0.0,0.0,0.0,0.0,1.0,2.0,5.662222222222223,4.925
116,1.0,0.0,0.0,0.0,0.0,0.0,4.774444444444445,1.075
117,0.0,0.0,0.0,0.0,3.0,30.1,3.8466666666666662,0.925
118,2.5,1.8,2.5,0.0,1.0,0.0,8.44,0.75
119,2.0,0.0,1.0,0.0,9.0,1.4,3.982222222222222,4.0
120,2.6,14.3,2.2,0.0,16.5,0.0,3.6855555555555553,0.775
121,1.0,0.0,0.0,0.0,0.0,0.0,5.663333333333333,1.2
122,2.220446049250313e-16,0.0,0.0,0.0,0.0,0.0,7.121111111111111,5.551115123125783e-17
123,49.8,1.2,20.0,6.925,6.5,0.0,9.106666666666667,12.95
124,3.3,0.0,2.5,0.0,1.0,2.18,4.788888888888889,4.95
125,28.5,38.9,26.5,40.4,61.0,49.2,3.575555555555555,21.25
126,7.0,7.2,3.0,10.4,4.5,5.4,8.917777777777777,12.45
127,35.5,4.6,2.0,107.0,2.0,28.9,4.443333333333333,9.375
128,10.6,10.2,8.2,0.0,14.5,24.3,1.1277777777777778,2.65
129,32.8,2.4,7.3,27.0,0.0,25.0,2.5444444444444443,15.3
130,66.8,18.0,53.0,105.0,19.5,48.875,3.188888888888889,22.9
131,0.0,0.0,0.0,0.0,6.0,0.0,3.7233333333333336,9.5
132,62.5,14.8,13.0,4.0,0.5,5.0,5.2877777777777775,36.05
133,0.4,3.0,0.4,6.0,1.0,2.6,4.033333333333333,5.775
134,3.4,0.0,0.0,0.0,0.0,0.0,1.4522222222222223,4.325
135,2.1,22.4,1.7,4.4,2.5,7.9,4.571111111111111,9.075
136,0.0,0.0,0.0,0.0,0.0,16.8,0.6811111111111111,2.375
137,10.0,75.2,0.0,5.0,85.5,48.2,3.8344444444444448,2.5
138,0.6,0.0,0.6,0.0,0.0,0.8,6.428888888888889,0.575
139,0.0,1.8,0.0,0.0,5.2,0.0,7.20888888888889,8.1
140,2.4,9.6,0.9,0.0,7.5,0.4,6.413333333333334,20.075
141,16.5,8.2,16.5,30.6,19.0,44.6,1.653333333333333,5.375
142,4.0,0.0,4.0,0.0,7.5,0.0,4.31,2.125000000000004
143,20.7,6.0,20.7,0.0,113.0,1.0,4.823333333333333,9.050000000000004
144,31.7,0.0,0.0,0.0,0.0,0.0,6.63111111111111,7.925
145,14.5,0.0,0.5,0.0,25.0,25.0,3.332222222222222,12.75
146,1.7763568394002505e-15,0.0,0.0,0.0,0.0,0.0,8.363888888888889,2.2250000000000005
147,29.8,1.6,3.0,0.0,0.0,2.1,8.19111111111111,11.2
148,0.0,1.7,0.0,0.0,4.0,0.0,3.6855555555555553,0.65
149,11.8,1.2,11.8,5.0,35.0,13.25,3.7655555555555553,6.300000000000001
150,0.6,0.0,0.0,0.0,0.0,0.0,1.6222222222222222,0.15
151,13.7,0.0,1.2,20.0,4.5,6.425,1.6933333333333334,12.225
152,28.9,17.6,18.5,100.4,24.5,12.0,8.0,43.225
153,1.0,0.0,0.0,0.0,0.0,0.0,3.847777777777778,0.25
154,29.2,17.6,29.2,70.2,39.5,54.2,3.6088888888888886,7.300000000000003
155,32.1,1.2,30.5,2.0,1.0,0.0,5.23,14.25
156,1.7000000000000002,11.6,0.8,13.6,10.5,1.2,6.422222222222223,12.3
157,0.8,0.0,0.0,0.0,0.0,0.0,5.7877777777777775,3.85
158,5.4,5.8,0.9,0.0,0.0,0.2,5.382222222222222,1.35
159,6.5,2.8,6.5,0.0,10.6,0.0,6.245555555555556,1.625
160,14.6,4.6,1.8,1.1,0.0,2.2,9.432222222222222,3.775
161,0.0,0.0,0.0,95.6,53.0,37.15,1.3577777777777778,0.0
162,33.4,3.0,13.4,33.0,42.0,7.0,7.482222222222223,8.55
163,5.6,0.0,0.8,0.2,0.0,0.0,8.98111111111111,5.1000000000000005
164,0.5,0.0,0.0,0.0,2.5,0.0,3.304444444444445,7.250000000000001
165,23.5,2.8,0.5,2.0,0.0,1.1,8.615555555555556,5.875
166,51.2,15.0,20.2,0.9,32.5,8.6,1.951111111111111,23.175
167,60.5,18.0,55.5,14.6,14.0,12.2,3.247777777777777,35.525
168,0.0,0.0,0.0,0.0,1.0,0.0,9.05888888888889,3.425
169,1.2,0.0,0.0,0.0,1.0,0.25,1.3877777777777778,5.875
170,10.0,0.0,0.0,0.0,0.0,0.0,5.411111111111111,3.825
171,0.0,2.0,0.0,0.0,5.5,1.875,3.3544444444444443,0.625
172,0.0,0.0,0.0,0.0,7.2,0.0,4.915555555555556,17.125
173,0.8,0.0,0.8,0.0,6.0,0.0,7.111111111111111,0.275
174,35.0,79.2,35.0,24.4,73.0,95.0,4.0744444444444445,9.3
175,13.7,12.8,8.9,0.0,15.0,31.0,8.599444444444446,5.300000000000001
176,0.7,0.0,0.7,0.0,0.0,0.0,6.133333333333334,1.3
177,3.0,0.0,0.0,0.0,0.0,0.0,8.19111111111111,11.2
178,1.3,0.0,0.0,0.0,0.0,0.0,3.3344444444444448,0.6750000000000009
179,8.5,0.0,7.5,10.0,80.5,24.5,6.066666666666666,5.125
180,15.5,0.0,0.0,0.0,0.0,0.6,4.437777777777778,11.675000000000004
181,0.5,0.0,0.5,0.0,1.0,2.8,6.532222222222222,0.125
182,0.5,0.0,0.5,2.4,1.0,0.0,3.2577777777777777,4.875
183,38.5,1.8,18.5,7.0,5.5,0.0,3.7511111111111113,13.275
184,10.0,4.8,10.0,0.0,6.5,0.0,3.8344444444444448,2.5
185,5.4,0.0,0.0,0.0,0.0,0.0,1.728888888888889,3.475
186,1.5,0.0,1.5,0.0,0.0,0.0,2.818888888888889,0.375
187,14.8,0.0,14.8,10.6,27.6,0.0,8.94111111111111,3.975
188,2.5,0.0,0.0,0.0,0.0,20.0,1.712222222222222,3.624999999999999
189,12.0,0.0,0.0,0.0,12.0,0.4,6.516666666666667,8.8
190,1.5,4.0,1.5,0.0,24.5,7.5,2.126666666666667,0.575
191,0.8,0.0,0.5,6.25,24.5,0.0,1.4166666666666667,1.4
192,7.0,6.0,3.5,10.8,2.0,0.0,2.625555555555555,3.675
193,19.7,18.6,0.0,0.1,4.5,0.0,5.662222222222223,4.925
194,23.5,30.4,0.0,11.2,0.0,22.6,3.5188888888888887,6.0
195,0.0,1.0,0.0,0.0,0.0,3.4,0.8666666666666667,0.0
196,28.8,0.0,28.8,38.8,37.0,9.5,7.266666666666667,29.075
197,1.5,5.0,1.0,0.0,19.0,6.25,5.983333333333333,3.25
198,97.0,3.0,97.0,37.55,11.0,39.2,4.26,27.925
199,31.7,0.0,31.7,51.6,10.5,1.8,6.63111111111111,8.55
200,8.5,0.0,6.1,0.0,0.0,0.0,1.6688888888888889,2.125
201,2.5,0.0,0.0,19.0,0.0,0.0,5.222222222222222,7.3
202,10.0,3.0,10.0,31.1,0.0,16.6,1.772222222222222,2.55
203,3.5,0.0,0.0,1.8,2.5,6.3,2.603333333333333,3.675
204,8.7,0.0,0.0,0.0,0.0,0.0,8.53111111111111,64.825
205,26.7,1.2,7.5,0.0,10.5,7.8,5.194444444444445,8.375
206,0.2,0.0,0.2,0.0,30.0,0.0,1.8133333333333328,0.05
207,0.2,0.0,0.2,0.0,0.0,0.0,8.024444444444443,0.675
208,0.5,0.0,0.0,0.0,0.0,0.0,4.671111111111111,5.300000000000003
209,24.3,1.8,20.7,1.0,2.5,9.3,7.229444444444444,8.55
210,0.0,5.4,0.0,0.0,29.5,5.4,3.743333333333333,1.4250000000000036
211,67.95,0.0,0.95,2.8,1.0,0.0,6.678333333333334,16.9875
212,11.5,0.0,5.4,36.4,0.0,2.4,1.728888888888889,3.475
213,88.5,39.8,41.5,43.75,75.5,18.2,2.458888888888889,39.125
214,8.7,26.4,8.7,17.35,28.0,6.3,9.26222222222222,6.324999999999999
215,0.0,0.0,0.0,8.0,0.0,0.0,5.443333333333333,0.35
216,28.0,14.8,28.0,0.0,5.0,7.0,3.651111111111111,7.0
217,1.8,0.6,0.0,0.0,0.5,2.0,9.432222222222222,3.65
218,0.0,0.0,0.0,0.0,18.0,0.0,3.7455555555555553,6.325
219,34.5,0.5,25.0,4.2,5.5,1.4,7.376666666666666,15.6
220,4.5,0.0,4.5,0.0,0.0,0.0,6.355555555555555,1.875
221,12.0,0.0,0.0,0.0,0.0,0.0,7.8277777777777775,5.05
222,24.8,0.0,18.6,0.0,0.0,0.0,3.0044444444444447,28.75
223,7.2,0.0,0.0,0.0,0.0,0.0,1.4111111111111112,2.4499999999999984
224,0.0,0.0,0.0,0.0,17.5,0.0,8.357777777777779,34.5
225,0.0,0.7,0.0,0.0,2.5,1.2,5.913333333333334,0.0
226,5.3,15.0,0.0,4.0,7.5,7.0,5.3,1.575
227,5.2,21.0,0.0,5.75,2.0,0.0,4.635555555555555,9.925
228,28.5,1.4,0.0,0.0,0.0,33.0,8.111666666666668,13.75
229,20.0,0.0,0.0,4.25,17.0,0.0,9.106666666666667,12.95
230,2.6,3.7,1.9,0.0,2.5,0.0,8.252777777777778,0.7749999999999999
231,3.0,3.4,2.0,2.6,8.5,8.6,3.28111111111111,15.875
232,0.0,2.5,0.0,0.0,4.5,3.2,5.49888888888889,0.0
233,38.0,5.0,0.0,0.0,53.0,0.0,3.727777777777778,17.049999999999997
234,2.3,0.0,0.0,0.0,8.5,22.0,7.115,9.825
235,19.2,6.6,19.2,27.6,12.0,14.8,3.732222222222222,10.8
236,4.2,0.0,4.2,1.3,1.0,0.0,4.5744444444444445,1.05
237,67.6,2.2,67.6,38.7,40.0,45.0,6.401111111111112,17.75
238,54.7,3.4,0.0,0.0,1.5,4.0,3.2111111111111112,14.55
239,9.2,0.0,9.2,5.0,0.0,3.55,4.985555555555555,2.55
240,27.9,2.4,7.2,0.0,2.2,1.0,7.309444444444445,9.65
241,6.2,0.0,0.0,0.0,0.0,0.0,6.797777777777778,1.55
242,29.2,0.0,0.0,0.0,0.0,0.0,3.6088888888888886,7.300000000000003
243,11.0,24.6,11.0,2.2,11.5,9.3,5.754444444444444,7.675
244,42.1,0.0,1.4,14.0,5.5,5.225,5.632222222222223,10.625
245,0.0,22.2,0.0,0.0,12.5,0.0,0.9466666666666668,0.0
246,21.9,16.2,21.9,0.0,4.5,3.1,5.158888888888889,13.6
247,41.1,3.0,40.7,12.0,2.3,14.5,5.761111111111111,12.775
248,1.5,0.0,0.0,0.0,7.5,0.0,2.818888888888889,0.375
249,86.0,3.2,5.0,2.0,0.0,11.2,2.6311111111111107,21.65
250,11.0,3.2,9.2,6.2,3.0,16.0,4.021111111111111,3.500000000000004
251,3.3,10.2,2.8,36.0,13.5,0.0,4.763333333333334,15.7
252,44.5,43.2,39.0,16.4,53.5,85.5,2.9833333333333334,15.5
253,4.2,63.0,4.2,3.8,12.0,4.6,3.381111111111111,1.3750000000000009
254,10.0,0.0,10.0,2.0,0.0,0.0,0.7755555555555556,2.5
255,18.2,16.0,18.2,9.8,0.3,2.5,5.035555555555556,6.949999999999999
256,16.7,6.4,1.3,0.3,0.0,32.0,1.602222222222222,4.175
257,5.5,0.0,0.0,0.0,0.0,0.0,7.277222222222223,1.375
258,21.2,0.0,0.5,0.0,10.5,1.2,4.743333333333334,9.175000000000004
259,0.0,3.0,0.0,0.0,0.0,4.3,1.36,1.15
260,16.5,32.6,16.5,42.2,38.5,31.6,4.774444444444445,4.575
261,9.0,0.0,9.0,0.0,0.0,0.0,1.5977777777777775,2.25
262,41.0,105.0,27.0,272.2,48.5,110.8,4.167777777777777,10.25
263,32.5,5.2,0.0,0.0,3.5,0.0,4.915555555555556,21.0
264,76.9,3.2,2.4,0.0,11.5,3.0,7.961666666666666,19.8
265,0.6,0.0,0.0,0.0,0.0,0.0,1.4155555555555557,1.35
266,0.0,0.0,0.0,8.5,34.0,0.0,8.53111111111111,0.0
267,1.8,0.0,1.8,30.0,0.0,7.95,3.3744444444444444,0.45
268,2.8,18.2,2.8,27.8,4.0,0.0,1.3855555555555554,0.7
269,2.5,0.0,0.0,9.375,37.5,0.0,3.0188888888888887,1.175000000000001
270,76.2,12.8,6.2,60.0,10.5,17.1,2.7977777777777777,31.85
271,0.0,22.0,0.0,4.2,24.5,14.6,5.713333333333334,0.0
272,10.5,0.0,0.0,0.0,0.0,0.0,0.8577777777777779,2.625
273,81.7,49.4,76.2,71.89999999999999,105.0,57.0,10.1,20.425
274,83.7,93.6,70.5,42.8,17.5,90.8,2.9655555555555555,26.725
275,10.0,6.2,10.0,4.0,31.0,12.8,5.8455555555555545,2.7
276,58.2,20.2,26.2,35.375,22.0,73.1,5.625555555555555,24.75
277,2.220446049250313e-16,0.0,0.0,0.0,0.0,0.0,7.121111111111111,5.551115123125783e-17
278,81.7,45.8,46.7,39.1,48.0,57.0,4.593333333333333,20.425
279,71.4,19.5,0.9,6.4,15.0,5.6,2.975555555555556,21.15
280,0.0,1.8,0.0,0.0,0.0,0.0,6.695555555555556,3.35
281,1.0,0.0,0.0,0.0,0.0,0.0,5.891111111111112,2.475
282,142.3,32.2,138.0,160.0,83.0,63.0,8.363333333333333,63.575
283,4.6,0.0,4.6,3.3,0.0,0.0,1.36,1.15
284,20.0,25.4,20.0,0.0,34.0,30.2,7.333333333333333,5.2
285,3.0,0.0,2.0,0.0,1.5,6.4,3.8988888888888886,3.500000000000004
286,2.220446049250313e-16,0.0,0.0,0.0,0.0,0.0,7.089999999999999,5.551115123125783e-17
287,6.4,7.0,6.4,0.0,28.0,21.4,2.943333333333334,7.800000000000001
288,4.0,0.0,0.0,0.0,0.0,0.0,5.028888888888889,1.425
289,18.3,62.6,4.5,21.8,43.5,61.2,3.68,6.950000000000004
290,1.0,21.8,1.0,8.0,12.5,41.0,8.290555555555555,0.8500000000000001
291,2.4,0.0,0.0,0.0,0.0,1.8,5.192222222222222,6.225
292,17.3,1.4,2.7,0.0,0.0,1.025,5.704444444444444,4.325
293,19.2,25.0,19.2,14.733333333333334,0.0,14.733333333333334,1.2822222222222222,5.2
294,8.0,0.0,8.0,0.0,0.0,1.2,5.322222222222222,2.75
295,1.0,0.0,0.0,0.0,13.0,0.0,7.79,13.125
296,4.2,3.0,0.0,0.0,4.5,0.0,3.901111111111111,1.05
297,0.0,0.0,0.0,0.0,0.0,3.6,5.913333333333334,0.5
298,0.0,0.0,0.0,0.0,21.5,0.0,7.321111111111111,0.0
299,1.0,0.0,0.0,0.0,0.0,0.0,1.3044444444444443,5.3
300,191.7,34.4,8.7,22.15,45.5,0.0,8.53111111111111,64.825
301,6.5,0.0,0.0,0.0,0.0,0.0,5.7844444444444445,1.625
302,2.220446049250313e-16,0.0,0.0,0.0,0.0,0.0,7.058888888888888,5.551115123125783e-17
303,0.5,0.0,0.0,5.4,0.0,0.0,6.485555555555555,0.125
304,10.000000000000002,9.8,10.0,4.0,0.0,2.1,7.529444444444445,5.125
305,19.2,18.4,19.2,0.0,7.0,22.6,5.111111111111111,6.5
306,1.8,44.2,1.8,0.0,36.5,7.2,5.242222222222223,2.95
307,6.0,0.0,0.0,0.0,0.0,0.0,5.718888888888889,1.5
308,10.2,8.0,10.2,16.1,4.5,5.6,1.793333333333333,3.025
309,38.8,0.0,0.0,0.0,0.0,0.0,3.868888888888889,14.05
310,18.5,23.2,18.5,0.0,8.5,11.2,9.264444444444443,4.925
311,250.6,129.2,183.0,136.325,117.0,116.1,8.434444444444445,62.9
312,0.0,0.0,0.0,0.0,7.5,0.0,1.01,0.0
313,20.0,3.3,20.0,10.2,46.0,0.0,5.13,5.5
314,7.5,0.0,0.0,0.0,0.0,0.0,6.066666666666666,2.25
315,2.0,0.0,2.0,0.0,54.5,26.8,4.907777777777778,0.5
316,0.0,1.2,0.0,0.0,1.5,4.0,7.901111111111112,0.625
317,24.7,0.0,0.0,0.0,4.0,13.0,6.714444444444444,48.675
318,2.0,33.6,0.0,0.0,41.5,1.8,5.913333333333334,0.5
319,14.6,1.2,13.2,3.8,3.0,0.0,3.323333333333333,3.65
320,41.5,2.8,41.5,5.0,0.0,1.0,1.4077777777777778,10.375
321,43.3,1.4,25.5,8.0,22.0,9.3,8.202222222222222,10.825
322,1.0000000000000018,0.8,1.0,0.0,0.5,3.2,6.87388888888889,1.0
323,3.0,7.4,0.0,2.0,30.0,12.8,8.917777777777777,7.825
324,0.0,0.0,0.0,0.0,11.0,0.0,4.774444444444445,0.875
325,4.5,1.6,0.5,0.0,6.5,0.0,5.461111111111111,1.125
326,2.5,0.0,0.0,0.0,0.0,0.0,2.171111111111111,1.0
327,0.0,0.0,0.0,0.0,0.0,2.8,5.042222222222223,1.7
328,115.0,11.0,47.0,80.5,26.5,38.2,1.9977777777777777,29.45
329,24.7,7.0,5.5,8.2,7.5,5.8,6.703333333333334,6.324999999999999
330,0.0,0.0,0.0,0.0,1.0,0.0,4.551111111111111,0.1250000000000035
331,4.7,0.0,4.7,4.05,8.0,3.5,9.158888888888889,1.175
332,5.551115123125783e-17,6.2,0.0,0.0,0.0,5.5,1.4166666666666667,1.3877787807814457e-17
333,5.8,3.6,4.5,0.0,3.5,5.5,7.206666666666667,1.45
334,1.0,0.0,1.0,0.0,0.0,0.0,5.484444444444445,5.8
335,43.0,17.4,23.0,80.6,24.0,32.2,5.385555555555555,11.25
336,10.0,14.4,10.0,0.0,22.0,56.0,2.51,2.5
337,0.8,0.0,0.0,0.0,2.0,0.0,1.538888888888889,0.35
338,0.5,3.4,0.5,10.1,0.0,6.4,2.2944444444444443,0.125
339,7.4,0.0,7.4,18.1,0.0,0.4,3.374444444444445,2.900000000000001
340,2.0,0.0,0.0,0.0,0.0,0.0,4.907777777777778,0.5
341,13.6,17.8,7.0,10.0,45.5,22.1,8.441666666666666,3.65
342,2.1,0.0,0.7,0.0,0.0,0.0,6.675555555555556,1.525
343,0.0,0.5,0.0,0.0,0.0,0.0,3.252222222222222,4.75
344,0.6,7.3,0.6,0.0,1.0,2.8,1.9,0.15
345,0.0,0.0,0.0,0.0,14.5,3.625,3.836666666666667,1.6
346,1.6,0.0,0.0,0.0,0.0,0.0,1.0688888888888888,4.75
347,0.5,0.0,0.0,0.0,0.0,0.0,2.7777777777777777,37.125
348,0.2,0.0,0.0,0.0,0.0,0.0,3.344444444444445,5.500000000000004
349,7.6,4.5,6.6,8.0,5.5,15.0,8.363888888888889,2.3
350,3.5,0.0,1.0,11.8,0.0,0.0,4.8,5.2
351,0.0,4.7,0.0,0.0,2.5,1.8,2.101111111111111,0.0
352,3.5,0.0,0.0,0.0,0.0,0.0,6.607777777777779,0.875
353,28.3,16.4,4.0,21.4,22.5,16.1,8.884444444444444,18.700000000000003
354,61.7,35.0,61.7,31.8,29.5,35.0,7.7444444444444445,15.425
355,2.220446049250313e-16,0.0,0.0,0.0,0.0,0.0,7.172222222222223,5.551115123125783e-17
356,3.0000000000000018,20.0,0.0,0.0,1.0,4.0,6.8627777777777785,3.25
357,0.0,33.4,0.0,0.0,21.0,3.0,3.577777777777777,7.300000000000003
358,17.8,2.5,17.8,13.0,19.0,6.1,8.071111111111112,4.45
359,5.7,3.8,4.0,0.0,9.0,4.2,5.045555555555556,1.425
360,1.8,0.0,1.8,3.6,4.0,0.0,4.591111111111111,0.875
361,8.2,6.4,6.6,14.0,0.0,4.0,8.052777777777777,21.275
362,1.2,0.0,1.2,0.0,0.0,1.2,9.012222222222222,2.125
363,5.0,0.0,5.0,0.0,24.5,3.6,1.681111111111111,1.25
364,45.2,13.8,40.5,21.8,0.0,18.0,2.1044444444444443,15.475
365,23.8,8.2,23.8,0.0,24.5,0.0,1.3511111111111112,14.825
366,4.2,1.4,0.0,0.0,3.0,2.6,3.292222222222222,1.375000000000001
367,3.8,1.0,0.0,0.0,0.0,17.2,7.11888888888889,0.95
368,23.3,48.0,13.8,8.2,54.5,41.4,3.63,5.825000000000004
369,10.0,0.0,0.0,0.0,0.0,1.8,1.77,2.5
370,4.5,0.0,0.0,0.0,0.0,0.0,6.15,1.125
371,68.5,4.0,32.5,24.4,5.8,31.0,4.915555555555556,21.25
372,6.8,0.0,0.0,0.0,0.0,0.0,5.042222222222223,1.7
373,0.5,13.8,0.5,1.8,8.0,19.2,9.27,0.125
374,15.5,0.0,0.0,0.0,0.0,0.4,4.593333333333333,6.375000000000004
375,12.0,3.8,1.0,7.8,8.5,3.8,3.8766666666666665,3.000000000000004
376,0.0,4.3,0.0,0.2,3.0,4.0,5.923333333333334,6.675
377,3.8,1.0,3.8,0.0,6.0,34.6,7.11888888888889,0.95
378,3.5,2.4,3.5,0.0,2.0,17.2,5.537777777777778,0.875
379,59.5,8.0,8.0,0.0,30.0,58.0,4.734444444444445,26.75
380,32.4,0.0,0.0,28.4,36.5,1.0,7.20888888888889,8.274999999999999
381,0.5,9.0,0.0,0.0,28.5,16.2,8.615555555555556,5.875
382,3.7,4.7,3.7,0.0,8.0,5.0,3.8677777777777775,3.425
383,77.9,19.6,46.0,0.0,11.5,27.0,6.501111111111111,20.225
384,51.0,25.4,32.0,28.475,22.5,34.0,5.3533333333333335,18.25
385,0.0,0.0,0.0,0.0,7.0,0.0,8.363333333333333,35.575
386,14.0,0.0,0.0,0.0,0.0,0.0,3.96,9.925
387,69.5,2.8,7.5,145.4,15.0,14.5,6.046666666666666,28.125
388,12.2,0.0,4.2,0.0,19.0,5.8,1.6688888888888889,3.25
389,0.0,0.0,0.0,0.0,0.5,0.125,5.525555555555556,0.0
390,31.4,0.0,1.9,2.0,2.0,4.1,8.44888888888889,11.4
391,23.0,69.7,23.0,54.0,62.5,50.0,8.61,5.75
392,22.2,0.0,0.0,2.0,6.5,0.0,5.473333333333334,9.85
393,21.0,2.0,0.0,0.0,2.5,0.2,6.262222222222222,7.85
394,3.0,0.0,0.0,0.0,0.0,0.0,6.305555555555555,4.375
395,11.4,20.1,2.4,10.4,7.5,28.2,4.027777777777778,2.85
396,6.9,34.0,6.9,0.0,0.0,0.0,2.895555555555556,2.1
397,43.5,4.2,43.5,8.0,4.5,15.05,4.5777777777777775,19.75
398,23.4,10.0,13.4,0.0,0.0,9.0,0.9244444444444444,5.85
399,1.8,0.0,0.0,0.0,0.0,0.0,3.3744444444444444,0.45
400,5.0,11.6,0.0,20.4,2.5,29.4,1.681111111111111,1.25
401,9.6,1.8,6.8,5.6,7.0,0.0,4.833333333333333,4.525
402,46.9,1.8,40.0,0.0,5.5,0.0,3.3400000000000003,12.1
403,108.0,1.0,69.0,20.0,2.5,0.0,6.845555555555555,32.5
404,72.5,13.1,66.0,30.0,0.0,0.0,4.85,19.1
405,96.2,90.5,49.5,31.0,48.5,70.0,5.143333333333333,32.8
406,29.5,31.0,17.5,47.8,9.5,32.3,2.3988888888888886,12.375
407,5.3,6.0,4.8,4.2,22.0,7.0,8.500555555555556,4.725
408,44.3,34.0,17.8,10.4,32.5,13.2,3.773333333333333,11.825
409,2.4,1.2,0.0,0.0,0.0,0.3,3.836666666666667,4.55
410,0.4,3.4,0.4,0.0,0.0,0.95,5.308888888888889,2.6
411,0.0,0.8,0.0,2.0,1.5,8.2,5.23,0.0
412,0.8999999999999999,1.0,0.7,6.4,37.5,1.4,6.848888888888888,4.65
413,23.3,2.7,4.8,17.0,4.0,2.3,8.053333333333333,27.175
414,6.9,0.6,3.4,1.0,0.0,0.0,1.4544444444444444,4.325
415,0.8,1.1,0.8,0.0,5.0,1.2,1.6311111111111112,0.35
416,85.4,4.2,10.4,20.4,22.5,8.1,7.794444444444444,48.35
417,9.2,0.0,0.0,0.0,0.0,0.0,4.985555555555556,2.3
418,18.5,1.0,0.0,13.8,0.0,0.8,9.264444444444443,4.625
419,2.5,4.2,2.5,22.0,4.5,41.0,1.712222222222222,3.624999999999999
420,13.0,1.0,9.5,0.0,0.0,0.0,7.098888888888888,9.525
421,2.2,1.0,2.2,0.0,12.5,0.6,7.143333333333334,1.5
422,31.2,0.0,22.0,0.0,5.5,2.4,4.265555555555555,8.750000000000004
423,17.5,1.0,12.0,0.0,0.0,0.0,8.11111111111111,11.425
424,9.2,1.4,6.2,1.9,0.0,0.0,9.157777777777778,2.6
425,39.8,37.7,31.3,4.0,40.5,40.7,1.551111111111111,11.749999999999998
426,0.5,1.0,0.5,12.2,36.0,0.0,7.001111111111111,0.125
427,1.0,18.8,1.0,0.0,7.5,6.825,1.1944444444444444,0.25
428,25.7,0.0,6.5,16.8,0.0,0.0,3.804444444444444,12.3
429,40.0,1.6,0.0,0.0,0.0,0.0,3.3400000000000003,11.725
430,24.0,0.6,20.0,6.9,7.0,0.0,3.008888888888889,10.225
431,5.0,0.0,0.0,0.0,0.0,0.0,0.8666666666666667,1.25
432,3.0,5.0,3.0,2.1,1.5,8.3,5.504444444444445,1.0
433,90.2,34.8,70.0,65.0,57.0,23.0,2.728888888888889,40.675
434,41.8,19.0,26.8,12.0,6.0,18.3,8.157777777777778,13.45
435,0.0,0.0,0.0,0.0,0.0,15.0,1.8644444444444448,3.424999999999999
436,13.4,0.0,0.0,0.0,0.0,0.0,7.451111111111111,8.350000000000001
437,42.8,22.2,24.3,31.0,55.5,14.0,8.84,18.9
438,5.3,3.8,5.3,0.0,3.5,4.3,5.3,1.575
439,0.2,0.0,0.2,0.175,0.5,0.0,4.576666666666666,1.1
440,0.0,0.0,0.0,0.0,25.5,0.0,5.913333333333334,0.0
441,10.0,0.0,0.0,0.0,0.0,0.0,5.304444444444445,2.5
442,28.2,1.0,2.7,10.0,5.0,0.0,8.232222222222223,11.5
443,2.0,0.0,2.0,0.0,0.0,0.0,5.913333333333334,0.75
444,85.5,49.6,85.5,122.0,67.0,72.0,2.077777777777778,23.425
445,2.0,0.0,0.0,0.0,0.0,0.0,4.094444444444444,9.375
446,2.5,1.5,2.5,0.0,0.0,2.0,8.034444444444444,0.625
447,0.0,0.0,0.0,5.0,25.5,0.0,8.038333333333334,7.125
448,0.8,0.0,0.0,0.0,3.5,0.2,5.2,0.2
449,20.0,34.0,20.0,17.725,10.5,6.4,1.5522222222222222,5.0
450,153.89999999999998,52.8,24.7,60.4,26.5,28.8,6.714444444444444,48.675
451,11.0,4.1,11.0,3.6,0.5,7.8,3.8655555555555554,3.550000000000004
452,17.1,15.4,11.5,13.55,14.0,13.3,4.45,28.525
453,13.9,16.6,3.5,8.15,7.5,5.0,1.4166666666666667,3.475
454,8.7,2.6,8.7,0.0,10.5,6.0,5.384444444444445,17.8
455,21.2,0.6,1.2,1.325,1.0,2.5,3.022222222222222,7.675000000000001
456,38.6,42.0,13.8,195.0,13.0,65.95,2.6,10.275
457,51.5,9.8,39.0,47.8,10.0,15.0,7.778888888888889,14.0
458,0.0,0.8,0.0,0.0,0.0,19.9,8.006666666666668,0.0
459,11.5,4.4,11.5,7.0,47.0,17.475,5.966666666666667,5.375
460,0.0,0.0,0.0,0.0,0.0,2.2,8.006666666666668,0.0
461,6.8,0.0,6.8,30.0,0.0,0.0,2.5544444444444445,4.2
462,36.5,2.4,14.5,49.2,16.5,20.8,3.348888888888889,10.725
463,23.4,10.0,13.4,0.0,4.5,6.975,3.6344444444444446,5.85
464,0.5,13.2,0.5,4.0,9.5,0.0,3.852222222222222,1.05
465,0.0,0.0,0.0,0.0,15.0,0.0,5.23,8.025
466,6.5,9.833333333333334,6.5,23.0,0.0,9.833333333333334,3.92,1.875
467,17.2,0.0,8.7,0.0,0.0,0.0,5.226666666666667,8.850000000000001
468,0.0,13.6,0.0,0.0,0.0,5.1,2.798888888888889,4.525
469,0.0,0.0,0.0,0.0,6.0,0.0,0.9466666666666668,0.0
470,22.0,0.0,0.0,0.0,6.5,0.0,5.662222222222223,9.9
471,40.8,0.0,19.0,4.75,0.0,0.0,5.017777777777777,10.25
472,31.4,4.0,31.4,69.4,72.5,44.325,1.7066666666666666,7.85
473,13.5,0.0,0.0,0.5,2.0,0.0,2.482222222222222,20.375
474,16.5,0.0,15.5,34.0,0.0,0.0,4.154444444444445,4.375
475,0.0,1.5,0.0,0.0,0.0,0.0,1.551111111111111,0.0
476,48.8,1.4,38.8,46.0,23.0,21.4,3.868888888888889,14.05
477,24.0,24.4,23.5,0.0,41.0,15.8,3.5188888888888887,6.0
478,2.0,0.0,0.0,0.0,0.0,0.0,7.172222222222223,0.925
479,0.0,0.0,0.0,0.0,2.0,0.0,7.321111111111111,6.25
480,10.0,0.0,10.0,60.0,0.0,17.5,5.321111111111112,2.5
481,13.7,0.0,1.2,2.2,8.0,0.0,9.05888888888889,3.725
482,74.9,41.5,43.5,81.2,46.0,53.05,2.145555555555556,18.725
483,3.5,0.0,3.5,0.0,10.0,0.0,6.667777777777778,0.875
484,30.4,0.0,0.0,0.0,5.5,0.0,2.97,7.599999999999999
485,1.4,0.0,0.0,0.0,0.0,0.0,3.3200000000000003,0.4750000000000008
486,1.7000000000000002,0.0,0.0,0.0,5.0,0.0,4.571111111111111,3.825
487,62.5,11.6,59.0,0.0,6.5,16.0,6.193333333333333,15.625
488,23.8,8.8,0.0,0.0,0.0,17.1,1.3511111111111112,7.075
489,2.8,29.4,2.8,70.4,8.5,36.0,0.8033333333333333,0.7
490,2.220446049250313e-16,0.0,0.0,0.0,0.0,0.0,7.121111111111111,5.551115123125783e-17
491,13.7,15.0,13.7,15.0,23.0,38.0,1.8644444444444448,4.049999999999999
492,0.5,0.7,0.0,5.4,19.5,1.8,9.27,0.125
493,26.7,6.6,15.7,20.7,1.0,17.0,5.923333333333334,6.675
494,6.2,0.0,6.2,0.0,0.0,0.0,6.95888888888889,1.55
495,30.9,9.0,22.2,34.1,39.0,4.5,5.473333333333334,14.4
496,19.8,0.0,1.8,10.575,40.5,0.0,2.56,6.5
497,22.0,0.0,0.2,0.0,0.0,0.0,3.344444444444445,5.500000000000004
498,4.5,2.8,4.5,5.4,0.0,0.0,4.487777777777778,5.000000000000004
499,2.0,0.0,0.0,0.0,0.0,0.0,0.9466666666666668,6.35
500,34.5,100.4,23.0,53.425,71.0,19.3,4.622222222222222,34.275
501,6.2,2.6,6.2,4.95,8.5,2.5,2.348888888888889,1.55
502,7.2,11.6,0.0,0.0,1.5,0.0,7.309444444444445,7.875
503,67.0,68.6,67.0,6.0,79.5,24.0,6.667777777777778,16.75
504,1.5,0.0,0.0,0.0,0.0,0.0,2.126666666666667,0.375
505,47.5,55.0,29.0,58.4,16.0,62.5,4.073333333333333,20.175
506,4.5,0.0,0.0,0.0,1.0,3.4,4.265555555555555,1.1250000000000036
507,1.9,6.2,0.0,0.0,0.0,11.6,1.68,0.6
508,1.1,7.3,0.0,22.575,83.0,0.0,8.99,2.5250000000000004
509,0.0,0.0,0.0,5.0,5.0,0.0,5.505555555555556,1.0
510,40.8,2.4,40.8,26.4,21.5,21.2,5.004444444444444,10.200000000000005
511,9.5,0.0,0.0,0.0,0.0,0.0,0.6811111111111111,2.375
512,8.0,0.0,0.0,0.0,12.5,0.0,5.322222222222222,2.75
513,0.0,6.8,0.0,0.0,23.5,0.8,5.192222222222222,0.75
514,14.0,0.0,10.0,0.0,15.0,15.4,4.421111111111111,4.625000000000004
515,10.0,0.0,0.0,0.0,2.0,13.4,4.421111111111111,3.500000000000004
516,5.5,50.4,5.5,26.85,10.0,41.5,9.253333333333332,1.375
517,12.5,7.6,12.5,66.8,11.5,7.5,7.345555555555555,4.575
518,6.8,2.0,6.8,7.2,33.5,8.4,5.042222222222223,1.7
519,5.0,3.8,5.0,4.2,2.5,0.0,5.978888888888889,11.425
520,59.3,0.0,0.0,0.0,0.0,0.0,10.67,36.875
521,22.3,2.8,12.5,0.0,6.0,5.325,1.718888888888889,12.175
522,0.0,0.0,0.0,5.4,0.0,1.35,1.3577777777777778,0.3
523,0.0,0.0,0.0,0.0,16.5,0.0,8.038333333333334,0.0
524,1.7763568394002505e-15,1.0,0.0,0.0,0.0,0.0,8.363888888888889,0.0
525,34.2,0.0,13.2,12.4,54.0,2.6,4.547777777777777,18.8
526,0.7,2.6,0.7,1.0,4.0,4.1,8.320555555555556,2.75
527,12.0,0.0,0.0,0.0,0.0,0.0,1.6844444444444444,2.999999999999999
528,1.7,1.0,1.7,0.0,3.0,1.425,5.001111111111111,0.425
529,1.0,0.0,1.0,0.0,0.0,0.0,3.971111111111111,5.375
530,0.0,0.0,0.0,0.0,29.0,57.0,1.3544444444444443,1.15
531,10.0,0.0,10.0,0.0,0.0,1.4,5.411111111111111,3.825
532,112.0,0.0,53.0,15.0,5.0,0.0,6.782222222222222,28.875
533,35.5,52.7,33.5,60.0,32.5,44.675,4.421111111111111,8.875
534,30.5,0.0,0.0,0.0,2.5,0.0,5.23,8.1
535,2.0,1.0,1.0,0.625,0.5,0.0,1.3044444444444443,5.3
536,13.15,18.0,12.2,16.2,16.0,49.0,6.813888888888889,20.0375
537,37.8,0.0,22.0,60.0,0.0,0.0,5.662222222222223,9.9
538,39.0,4.1,39.0,2.4,1.5,7.3,6.095555555555555,19.200000000000003
539,43.5,0.5,0.0,0.0,0.0,0.125,2.145555555555556,18.725
540,6.4,9.4,2.4,0.0,0.0,2.95,3.836666666666667,4.55
541,1.5,6.8,1.5,0.0,0.0,0.0,2.7944444444444443,0.375
542,14.6,0.0,14.6,0.0,6.0,5.15,5.674444444444445,3.65
543,1.9,0.0,0.0,0.0,9.0,0.0,8.354444444444445,11.35
544,30.0,0.0,0.0,0.0,0.0,0.0,10.26,18.625
545,28.8,0.0,0.0,0.0,0.0,0.0,7.25,29.075
546,31.0,32.0,31.0,45.2,30.0,41.6,1.2733333333333332,7.75
547,19.7,0.0,11.0,3.625,1.0,2.5,9.268888888888888,8.875
548,32.8,3.4,28.0,31.0,31.5,72.4,8.364444444444445,15.425
549,2.2,0.0,1.0,2.95,4.5,6.3,3.033333333333333,6.550000000000001
550,3.8,0.0,2.4,0.6,0.0,0.0,5.667777777777777,15.5
551,0.5,0.0,0.0,0.0,0.0,0.0,3.6566666666666663,7.125
552,46.400000000000006,7.4,4.2,0.0,37.5,12.275,5.101111111111111,22.65
553,14.7,12.4,8.5,21.325000000000003,14.0,50.4,3.182222222222222,4.300000000000001
554,9.7,0.0,0.0,0.0,0.0,0.0,1.012222222222222,2.8
555,23.2,1.4,22.5,0.0,2.0,0.8,6.383333333333334,6.925
556,0.5,0.0,0.0,0.0,0.0,0.0,1.4166666666666667,0.7
557,0.5,0.0,0.0,0.0,0.0,0.0,4.991111111111112,0.125
558,85.0,1.7,62.0,75.6,1.5,3.2,6.074444444444444,26.25
559,14.4,13.2,14.4,19.0,21.0,13.0,8.198333333333334,3.6
560,2.3,58.3,0.3,19.0,15.5,9.5,1.4111111111111112,1.275
561,40.5,0.0,0.0,4.0,0.0,0.0,2.1044444444444443,11.625
562,7.5,0.0,0.0,0.0,0.0,0.0,7.076666666666668,1.875
563,1.7763568394002505e-15,0.0,0.0,0.0,0.0,0.0,8.363888888888889,0.0
564,170.0,12.2,129.2,22.6,21.0,14.8,6.44,42.5
565,15.5,7.6,15.5,9.4,25.5,11.2,4.593333333333333,7.3750000000000036
566,17.0,1.0,0.5,0.0,0.0,0.6,1.6588888888888886,5.5
567,2.5,0.0,0.0,0.0,0.0,0.0,8.051111111111112,0.625
568,10.0,18.8,10.0,7.8,41.0,21.2,4.885555555555555,2.75
569,15.8,0.0,0.0,0.25,1.0,0.0,9.165555555555557,4.35
570,3.2,0.0,1.0,0.0,1.5,0.0,7.09888888888889,1.75
571,27.6,1.0,1.4,1.5,0.1,3.5,5.641111111111111,19.65
572,22.0,0.0,21.8,5.825,1.5,0.0,4.81,6.550000000000001
573,19.8,6.4,19.8,0.0,0.0,17.4,5.602222222222222,6.300000000000001
574,10.4,0.0,0.2,0.0,0.0,0.0,1.7522222222222223,3.075
575,3.0,5.6,3.0,0.0,0.0,12.8,5.233333333333333,0.95
576,4.9,1.4,1.4,4.4,2.0,1.0,6.667777777777778,1.35
577,6.8,5.3,6.8,11.0,4.0,4.4,4.925555555555556,1.7
578,2.5,0.0,0.0,0.0,7.0,1.75,3.3544444444444443,0.625
579,17.3,0.0,0.8,33.4,0.5,0.0,4.783333333333333,4.775
580,0.0,0.7,0.0,0.0,0.5,0.0,3.7233333333333336,0.0
581,2.4,3.0,1.0,0.0,11.0,0.0,5.891111111111112,17.975
582,0.5,2.0,0.0,1.0,12.5,0.0,8.312777777777777,6.175000000000001
583,2.0,0.0,2.0,10.0,0.0,3.0,4.0488888888888885,0.6
584,10.0,14.5,10.0,6.4,11.0,7.4,9.543333333333331,6.15
585,34.9,7.2,31.9,23.4,23.0,2.4,5.99,8.725
586,0.0,0.0,0.0,0.0,0.5,0.125,3.3744444444444444,0.45
587,0.0,24.8,0.0,0.0,5.0,7.45,3.847777777777778,0.25
588,24.2,1.2,18.0,6.8,8.0,0.0,2.54,6.05
589,3.2,1.8,0.0,0.0,0.0,0.0,1.8488888888888888,0.8500000000000001
590,2.220446049250313e-16,0.0,0.0,0.0,0.0,0.0,7.064444444444444,5.551115123125783e-17
591,7.7,1.2,7.7,42.0,0.0,0.0,2.5477777777777777,3.625
592,0.8,4.5,0.8,0.0,20.5,6.45,2.11,0.2
593,28.4,1.8,28.4,15.0,16.0,11.0,2.18,10.525
594,14.0,8.3,14.0,240.4,6.0,18.2,3.8677777777777775,5.375
595,3.9,0.0,1.1,1.275,4.0,0.0,8.99,3.2750000000000004
596,8.5,6.8,8.5,10.0,6.0,6.0,1.4855555555555555,3.9249999999999994
597,18.1,1.0,17.1,0.0,26.5,10.2,2.798888888888889,4.525
598,0.5,0.0,0.0,0.0,0.0,0.0,7.001111111111111,0.125
599,33.8,0.0,0.0,0.0,0.0,0.0,8.12,23.875
600,6.8,22.8,0.0,17.0,5.5,0.0,2.515555555555556,1.7
601,10.0,0.0,0.0,0.0,1.5,0.0,2.51,2.5
602,3.5,9.6,2.5,8.025,7.0,13.0,3.061111111111111,6.175000000000001
603,14.0,0.0,0.8,0.0,0.0,0.2,5.7877777777777775,14.025
604,4.2,0.0,3.0,0.75,0.0,0.0,9.088888888888889,2.225
605,2.5,0.0,0.0,0.0,0.0,0.0,6.278888888888889,0.625
606,95.5,50.6,33.8,28.5,34.0,13.0,8.12,23.875
607,17.1,0.0,0.0,0.0,0.0,0.0,2.798888888888889,4.525
608,1.7,0.0,1.5,0.375,0.0,0.0,1.5766666666666669,5.55
609,28.2,76.4,5.2,43.775000000000006,55.5,38.0,4.635555555555555,11.325
610,0.0,0.0,0.0,0.0,15.0,0.0,4.551111111111111,5.300000000000003
611,22.7,12.8,16.2,54.0,88.5,42.875,4.1,5.675
612,23.0,7.3,5.5,30.2,3.5,2.6,2.55,5.875
613,1.4,0.0,1.4,0.0,0.0,0.0,6.723333333333334,0.35
614,46.5,0.0,18.5,56.0,0.5,18.75,8.57,17.45
615,0.5,0.0,0.5,0.0,0.0,0.125,4.991111111111112,0.125
616,1.7763568394002505e-15,0.0,0.0,0.0,0.0,0.0,8.363888888888889,3.4250000000000003
617,0.7,0.0,0.2,0.425,1.5,0.0,1.56,5.175
618,2.5,0.0,0.0,0.0,0.0,0.0,8.034444444444444,0.625
619,0.0,7.6,0.0,0.0,0.0,1.9,3.3744444444444444,0.45
620,0.0,0.0,0.0,0.0,10.5,2.625,2.101111111111111,10.875
621,24.200000000000003,1.1,9.8,0.0,53.0,0.0,8.307222222222222,6.050000000000001
622,1.2,0.0,0.0,0.0,0.0,0.0,10.658888888888889,0.3
623,6.8,1.0,0.0,0.0,0.0,0.0,4.833333333333333,2.525
624,36.5,5.4,36.5,13.4,2.0,8.2,1.9766666666666668,9.125
625,0.8,1.0,0.0,0.0,0.0,0.0,6.422222222222223,0.8
626,1.0,0.0,0.0,39.0,5.0,11.0,5.715555555555556,4.575
627,0.0,0.5,0.0,0.0,0.0,0.0,0.5811111111111111,0.0
628,0.5,0.0,0.0,0.0,0.0,0.0,5.615555555555555,0.125
629,102.6,1.0,5.6,2.275,2.5,0.0,4.322222222222222,27.775
630,2.8,0.0,0.0,0.0,0.0,0.0,0.72,0.7
631,1.7,11.8,1.7,0.0,1.0,0.0,7.4144444444444435,0.425
632,1.2,0.0,1.2,0.675,1.5,0.0,10.675555555555556,15.125
633,0.0,1.0,0.0,0.25,0.0,0.0,1.3299999999999998,0.0
634,35.2,7.6,9.8,38.6,18.5,18.625,1.5855555555555554,9.05
635,2.0000000000000018,0.0,1.5,5.0,4.5,3.1,8.268333333333334,0.5
636,1.8,2.4,1.8,5.0,2.0,10.1,5.481111111111111,1.575
637,4.2,0.0,4.2,2.8,9.5,4.6,3.905555555555555,10.75
638,0.0,0.0,0.0,10.4,0.0,0.0,7.132222222222222,0.0
639,72.5,0.0,31.0,54.0,0.0,0.0,1.7266666666666668,18.125
640,4.0,0.0,4.0,0.0,2.0,2.1,5.455555555555556,1.0
641,28.5,0.0,0.5,0.0,0.0,0.0,3.6566666666666663,7.125
642,4.0,0.0,4.0,0.0,0.0,0.0,5.525555555555556,1.45
643,0.0,6.3,0.0,14.2,0.0,0.0,1.3544444444444443,0.0
644,1.4,5.0,1.4,0.0,0.0,4.2,1.4211111111111112,2.6
645,0.0,7.7,0.0,2.2,1.0,12.0,3.1944444444444446,13.675
646,3.4,0.0,1.0,0.375,0.5,0.0,5.678888888888888,7.75
647,3.8,0.0,1.8,0.0,52.5,12.4,3.9188888888888886,3.950000000000004
648,0.5,20.8,0.5,0.0,40.0,11.8,6.613333333333334,1.0
649,9.000000000000002,7.5,0.0,0.0,0.0,6.0,8.368333333333334,2.75
650,1.3,1.0,1.3,0.0,2.0,2.2,3.3344444444444448,0.6750000000000009
651,6.8,0.0,0.0,0.0,0.0,0.0,4.925555555555556,1.7
652,17.4,0.0,10.0,0.0,1.0,0.0,3.485555555555556,5.400000000000001
653,2.0,0.0,1.5,1.0,2.0,0.0,3.868888888888889,0.5
654,8.5,12.2,0.5,5.8,4.5,0.0,4.74,22.25
655,0.0,3.0,0.0,20.0,0.0,5.75,3.3544444444444443,0.625
656,34.5,18.0,12.0,15.8,16.0,21.8,6.516666666666667,8.8
657,0.0,0.0,0.0,0.0,3.0,0.75,5.664444444444444,0.0
658,0.7,0.0,0.0,0.0,0.0,0.0,6.848888888888888,3.275
659,0.0,15.0,0.0,3.75,0.0,0.0,1.3299999999999998,0.85
660,14.5,18.4,14.5,0.0,13.0,0.0,1.915555555555556,6.125
661,0.0,0.0,0.0,0.0,9.0,0.0,6.624444444444444,7.925
662,10.0,21.2,2.5,0.0,30.5,12.2,5.222222222222222,7.3
663,15.4,0.0,2.0,0.0,0.0,0.0,0.9466666666666668,6.35
664,12.8,0.0,12.8,2.9,2.0,7.0,9.412222222222224,3.325
665,1.9,1.1,1.6,20.0,25.0,48.2,4.891111111111111,26.875
666,0.0,2.2,0.0,0.0,0.0,0.0,0.5755555555555555,0.0
667,0.8,0.0,0.0,0.0,0.0,0.0,2.11,0.2
668,5.551115123125783e-17,0.0,0.0,0.0,0.0,0.0,1.4166666666666667,0.2
669,0.0,13.8,0.0,0.0,20.0,8.45,3.836666666666667,0.6
670,0.0,12.6,0.0,0.0,18.5,1.4,5.891111111111112,0.6
671,1.0,0.0,1.0,4.0,13.5,3.2,5.241111111111111,0.25
672,13.0,0.0,0.0,0.0,0.5,0.0,5.2877777777777775,27.3
673,10.000000000000002,44.0,0.0,0.0,4.5,37.1,6.835000000000001,4.75
674,7.5,0.0,0.0,0.0,0.0,0.0,3.8455555555555554,12.95
675,47.5,3.4,1.5,0.0,0.0,1.3,6.413333333333334,20.6
676,31.4,3.3,21.0,7.4,13.0,33.2,6.262222222222222,7.85
677,2.5,0.0,2.5,0.0,13.0,0.0,6.278888888888889,5.875
678,9.7,10.2,9.7,41.8,18.5,20.1,1.012222222222222,2.8
679,6.0,0.0,4.7,0.0,0.0,0.0,1.6544444444444446,5.35
680,17.7,0.5,12.2,20.0,0.0,3.2,6.838888888888889,9.375
681,4.8,0.0,0.0,0.0,0.0,0.0,2.597777777777778,9.4
682,2.220446049250313e-16,0.0,0.0,0.0,0.0,0.0,7.172222222222223,0.5
683,11.2,23.0,3.5,25.1,1.5,14.2,2.5866666666666664,4.5
684,3.7,7.0,0.0,0.0,22.5,0.0,3.86,3.425
685,14.6,13.2,13.2,15.0,12.0,13.35,5.778888888888889,13.925
686,21.8,0.0,21.8,18.0,1.5,0.0,3.3422222222222224,5.450000000000004
687,4.5,1.8,0.0,0.0,0.0,0.0,7.206666666666667,1.45
688,148.0,44.5,62.5,69.0,69.0,78.0,2.772222222222222,37.0
689,0.7,0.0,0.0,0.0,0.0,0.0,2.802222222222222,0.55
690,19.0,69.0,1.6,22.15,13.0,5.0,1.0688888888888888,4.75
691,25.3,9.7,7.5,34.4,14.0,10.6,3.8455555555555554,13.45
692,0.0,1.0,0.0,0.0,0.0,0.25,5.838888888888889,2.5
693,33.2,0.0,20.0,4.0,30.5,9.0,3.545555555555556,8.65
694,1.0,0.0,0.0,0.0,1.0,0.0,5.471111111111112,0.25
695,2.220446049250313e-16,1.0,0.0,0.0,0.0,0.0,7.121111111111111,5.551115123125783e-17
696,80.5,52.6,51.5,20.6,172.0,8.0,4.645555555555556,29.75
697,13.6,2.4,0.4,0.0,0.0,0.0,4.552222222222222,15.4
698,26.5,6.6,25.7,20.2,14.5,0.0,7.795000000000001,8.65
699,0.0,0.0,0.0,0.0,42.5,0.0,9.977777777777778,0.0
700,2.4000000000000004,0.6,1.6,4.0,38.0,0.0,8.279444444444444,1.25
701,87.5,0.0,0.0,0.0,0.0,0.0,6.946666666666667,23.125
702,81.5,15.4,13.5,13.625,16.0,9.6,2.482222222222222,20.75
703,28.4,71.2,22.0,51.95,77.0,37.6,3.1877777777777783,11.75
704,31.3,0.0,0.0,0.0,0.0,0.0,1.551111111111111,9.95
705,1.4,0.0,0.0,3.2,0.0,0.0,1.2766666666666668,0.35
706,5.5,37.0,5.5,0.0,20.5,34.0,7.353888888888889,1.375
707,105.6,76.2,24.6,56.0,92.0,75.2,5.014444444444445,26.9
708,1.8,1.0,0.0,0.0,0.0,0.0,4.591111111111111,0.45
709,17.5,1.6,0.0,1.95,0.0,6.2,2.3988888888888886,12.375
710,26.5,63.2,26.5,37.4,24.5,23.8,1.5711111111111111,6.625
711,1.5,0.0,1.5,0.0,1.5,0.75,2.143333333333333,0.75
712,41.9,0.0,0.0,0.0,0.0,0.0,7.487222222222223,14.725
713,0.0,6.2,0.0,9.4,0.5,26.0,3.161111111111111,13.675
714,2.2,4.9,0.7,0.0,1.5,2.0,2.802222222222222,0.55
715,9.0,13.7,9.0,19.2,0.0,2.1,4.001111111111111,3.3
716,8.1,0.0,1.5,11.8,1.0,28.0,8.069444444444445,3.025
717,23.2,0.0,0.0,0.0,0.0,3.2,2.1733333333333333,9.425
718,10.500000000000002,10.2,9.0,11.0,0.0,0.0,8.368333333333334,2.75
719,28.5,0.0,14.0,0.0,15.0,15.0,3.326666666666667,14.225
720,10.0,0.0,0.0,0.0,0.0,0.0,4.885555555555555,2.5
721,15.0,0.0,15.0,4.0,0.0,0.0,7.913333333333334,8.125
722,10.0,7.8,10.0,15.0,35.0,16.95,3.4855555555555555,2.5
723,1.0,0.6,1.0,0.0,0.0,0.4,3.847777777777778,0.25
724,2.220446049250313e-16,0.0,0.0,0.0,0.0,0.0,7.067777777777777,5.551115123125783e-17
725,10.0,0.0,0.0,0.0,0.0,0.0,5.838888888888889,2.5
726,64.5,34.6,30.0,110.2,64.5,65.0,10.26,18.625
727,5.7,1.4,3.2,10.4,3.0,0.4,3.743333333333333,6.000000000000004
728,0.0,1.4,0.0,0.0,0.0,0.0,7.292777777777778,0.0
729,20.5,1.2,0.5,2.425,8.0,0.0,1.5577777777777777,5.125
730,40.7,43.8,37.7,56.4,45.0,6.5,5.923333333333334,10.425
731,13.7,0.0,0.0,0.0,0.0,27.0,1.8644444444444448,4.049999999999999
732,1.4,14.0,1.4,7.1,13.0,23.4,3.1766666666666663,0.35
733,3.0000000000000018,29.2,3.0,2.0,43.5,35.2,6.8627777777777785,3.25
734,1.4,0.0,0.0,0.0,0.0,0.0,5.443333333333333,1.325
735,68.0,38.0,68.0,44.875,60.0,13.5,2.3322222222222218,17.425
736,0.0,0.0,0.0,0.0,0.5,0.0,5.411111111111111,2.5
737,24.9,0.0,0.3,14.0,6.5,1.1,4.873333333333334,26.85
738,0.0,0.0,0.0,1.0,0.5,0.0,8.006666666666668,0.475
739,0.0,1.4,0.0,0.0,9.0,1.2,1.5711111111111111,0.0
740,3.0,7.2,3.0,11.4,2.5,2.8,5.635555555555555,5.7
741,35.5,7.6,4.5,0.0,6.0,0.0,1.1122222222222222,8.875
742,4.5,0.0,0.0,0.0,0.0,0.0,6.125555555555555,1.125
743,2.7,0.8,0.8,14.0,6.5,2.0,8.261666666666667,0.85
744,13.7,5.0,12.5,17.0,43.0,17.8,9.045555555555556,3.425
745,8.2,0.0,5.5,0.0,9.0,0.4,8.293333333333335,12.875
746,5.551115123125783e-17,10.0,0.0,0.0,0.0,0.0,1.4166666666666667,0.125
747,0.0,0.0,0.0,0.0,12.0,0.0,3.7233333333333336,17.049999999999997
748,14.0,7.0,9.8,0.0,20.5,9.325,5.21,14.225
749,1.4,0.0,1.4,0.0,0.0,0.0,3.3200000000000003,3.975000000000001
750,20.0,7.4,20.0,13.6,23.5,6.9,2.0711111111111107,5.8
751,0.0,0.0,0.0,0.0,5.5,3.6,1.5711111111111111,6.625
752,30.4,14.2,30.4,10.0,16.0,8.1,3.1366666666666667,11.875
753,8.2,0.0,0.0,0.0,0.0,0.0,1.1277777777777778,2.65
754,39.0,3.0,0.0,4.2,0.0,1.8,2.9833333333333334,15.5
755,9.0,0.0,0.0,0.0,0.0,0.0,1.5977777777777775,2.25
756,4.2,0.0,0.0,0.0,0.0,0.0,1.4977777777777777,3.05
757,4.8,0.0,2.0,1.3,22.5,0.0,1.4077777777777776,1.2
758,19.6,4.0,4.8,6.075,15.5,0.0,8.983333333333333,4.9
759,2.2,7.9,0.0,0.0,6.0,0.0,3.6855555555555553,0.65
760,42.900000000000006,15.4,42.2,62.0,36.5,39.025000000000006,5.054444444444445,21.6
761,16.2,1.8,0.0,40.4,5.0,11.8,4.1,5.675
762,0.0,1.0,0.0,16.0,0.0,4.25,4.026666666666666,0.1
763,0.0,0.0,0.0,0.0,0.0,3.4,4.437777777777778,9.375000000000004
764,1.4,0.0,0.0,0.0,0.0,0.0,6.723333333333334,0.35
765,1.7763568394002505e-15,0.0,0.0,0.0,6.0,0.0,8.363888888888889,0.0
766,2.220446049250313e-16,0.0,0.0,0.0,0.0,0.0,7.058888888888888,5.551115123125783e-17
767,16.9,2.0,5.5,3.375,6.0,0.0,2.747777777777777,9.175
768,2.4,0.0,2.4,0.0,0.0,0.0,1.0366666666666666,0.6
769,0.5000000000000018,1.9,0.5,8.0,0.0,16.0,8.342777777777778,0.125
770,1.9,4.2,1.9,0.0,10.5,0.0,1.68,4.725
771,1.2,0.0,1.2,0.3,0.0,0.0,9.055555555555555,1.475
772,10.3,19.1,0.5,5.0,7.5,66.0,8.312777777777777,6.175000000000001
773,1.2,0.0,0.0,0.0,0.0,36.8,9.05888888888889,3.725
774,3.9,1.4,1.5,2.0,0.0,4.8,4.044444444444444,3.225
775,48.0,3.6,21.0,0.0,20.5,2.2,4.401111111111111,15.5
776,54.2,26.3,28.5,17.0,0.0,0.0,8.111666666666668,14.125
777,1.0,0.0,1.0,0.0,0.0,0.0,7.498333333333334,14.975
778,5.2,0.0,0.0,0.0,0.0,0.0,3.041111111111111,11.05
779,88.2,24.0,12.0,21.3,20.0,29.2,10.233333333333333,23.425
780,71.3,39.6,59.3,68.72500000000001,127.5,48.5,10.89222222222222,38.25
781,2.5,1.4,2.5,0.0,0.0,0.975,3.3544444444444443,0.625
782,26.7,14.6,8.5,0.0,13.5,12.0,5.13,8.375
783,0.5,0.0,0.0,0.0,2.0,0.0,5.461111111111111,1.125
784,30.2,27.8,30.2,4.0,26.0,45.1,3.305555555555556,15.15
785,0.8,0.0,0.0,0.0,0.0,0.0,7.111111111111111,0.2
786,3.2,0.0,0.0,0.0,2.5,0.0,3.743333333333333,2.550000000000004
787,5.0,0.0,0.0,0.0,0.0,0.0,5.978888888888889,10.675
788,57.3,23.5,4.3,45.0,49.5,12.0,6.83,29.95
789,0.3,0.0,0.0,0.0,0.0,0.0,3.183333333333333,6.750000000000004
790,2.220446049250313e-16,0.0,0.0,0.0,0.0,0.0,7.121111111111111,5.551115123125783e-17
791,6.2,1.0,6.2,3.3,6.0,0.0,3.0877777777777777,2.4250000000000007
792,0.5,0.0,0.0,21.8,0.0,4.0,2.2944444444444443,0.125
793,1.0,0.0,0.0,0.0,0.0,0.0,7.187222222222222,10.725
794,12.4,0.0,0.2,0.0,12.5,0.0,6.841111111111112,9.275
795,1.3,0.0,0.3,0.0,0.0,0.0,7.102222222222223,0.875
796,13.2,1.4,11.4,9.2,24.0,0.0,2.6866666666666665,9.35
797,10.4,3.0,10.4,15.4,58.5,10.2,6.028888888888889,2.6
798,53.9,38.8,25.5,28.0,16.5,29.0,2.4633333333333334,13.474999999999998
799,15.7,3.8,0.0,0.0,3.5,0.0,5.923333333333334,6.675
800,18.5,2.5,0.0,17.2,1.0,1.8,1.9177777777777776,4.625
801,3.7,0.0,1.0,0.0,0.0,0.25,5.715555555555556,4.575
802,1.0,0.0,0.0,0.0,2.0,0.5,3.2,16.950000000000003
803,41.9,23.2,0.4,60.4,42.5,9.2,2.4633333333333334,39.225
804,44.2,4.2,0.7,8.0,4.5,4.35,4.5855555555555565,11.55
805,0.0,0.0,0.0,0.0,6.5,0.0,3.284444444444444,0.0500000000000035
806,0.0,5.4,0.0,15.2,0.0,4.2,5.718888888888889,0.0
807,4.2,0.0,0.0,0.0,0.0,0.0,4.5744444444444445,1.05
808,19.8,0.0,19.2,4.2,3.0,0.0,6.642222222222223,5.15
809,6.0,3.0,6.0,0.0,7.0,11.2,5.718888888888889,3.125
810,2.220446049250313e-16,0.0,0.0,0.0,0.0,0.0,7.172222222222223,0.925
811,0.0,2.8,0.0,0.0,6.0,15.2,0.8666666666666667,1.25
812,11.5,0.0,0.0,0.0,0.0,0.0,2.591111111111111,13.35
813,1.0,0.0,1.0,0.0,0.0,0.0,2.608888888888889,0.2499999999999991
814,0.0,0.0,0.0,0.0,0.5,2.3,5.505555555555556,1.0
815,56.5,0.0,1.0,0.0,34.0,0.0,3.2588888888888885,35.625
816,25.1,72.5,24.4,49.4,63.0,69.4,6.954444444444444,6.8
817,4.5,3.4,4.5,0.0,0.0,2.8,5.372222222222222,3.125
818,81.6,6.2,81.0,31.2,35.5,10.8,2.66,20.4
819,36.5,3.0,0.0,0.0,0.0,1.0,1.9766666666666668,9.125
820,25.0,0.0,0.0,0.0,0.0,0.0,7.376666666666666,9.5
821,0.0,0.0,0.0,0.0,6.5,0.8,1.897777777777778,4.625
822,10.7,5.4,3.6,7.0,8.0,4.1,6.999444444444445,3.625
823,8.9,7.4,0.0,3.0,0.0,0.0,8.363888888888889,3.5500000000000003
824,8.0,0.0,6.5,4.0,3.5,4.4,4.116666666666666,4.85
825,0.0,0.0,0.0,0.0,10.5,0.0,6.696666666666667,0.35
826,0.0,4.5,0.0,0.0,1.0,1.375,2.101111111111111,0.0
827,11.4,2.6,2.7,0.0,8.0,2.0,5.414444444444444,6.1
828,2.0,0.0,2.0,0.5,0.0,0.0,8.553333333333333,0.5
829,82.5,53.0,81.0,28.0,25.5,53.0,4.768888888888889,20.75
830,0.0,0.0,0.0,0.0,1.0,0.0,3.304444444444444,5.500000000000004
831,0.5,0.0,0.5,0.0,0.0,0.0,6.398888888888889,0.125
832,26.1,0.0,0.3,0.0,57.5,2.4,3.2655555555555558,24.375000000000004
833,1.4,1.4,0.7,0.0,3.0,4.0,6.683333333333334,1.575
834,0.0,0.0,0.0,0.625,2.5,0.0,9.106666666666667,5.0
835,27.9,2.2,3.5,12.4,1.5,1.8,6.993333333333333,7.325
836,10.4,12.0,10.4,23.05,4.5,65.3,1.3777777777777778,2.6
837,58.9,82.6,41.9,39.0,187.0,97.3,7.487222222222223,16.1
838,26.4,26.0,25.4,0.0,7.0,14.6,1.4766666666666668,6.6
