date,Kahu,Kandaghat,Kasauli,Solan,Arki
01-01-2010,0,0,0,0,0
02-01-2010,0,0,0,0,0
03-01-2010,0,0,0,0,0
04-01-2010,5,9.2,2.8,6.8,5
05-01-2010,0,0,0,0,0
06-01-2010,0,0,0,0,0
07-01-2010,0,0,0,0,0
08-01-2010,0,0,0,0,0
09-01-2010,0,0,0,0,0
10-01-2010,0,0,0,0,0
11-01-2010,0,0,0,0,0
12-01-2010,0,0,0,0,0
13-01-2010,7,0,4,4.7,1
14-01-2010,2.5,0,0,0,0
15-01-2010,0,0,0,0,0
16-01-2010,0,0,0,0,0
17-01-2010,0,0,0,0,0
18-01-2010,0,0,0,0,0
19-01-2010,0,0,0,0,0
20-01-2010,0,0,0,0,0
21-01-2010,0,0,0,0,0
22-01-2010,0,0,0,0,0
23-01-2010,0,0,0,0,0
24-01-2010,0,0,0,0,0
25-01-2010,0,0,0,0,0
26-01-2010,0,0,0,0,0
27-01-2010,0,0,0,0,0
28-01-2010,0,0,0,0,0
29-01-2010,0,0,0,0,0
30-01-2010,0.4,0,0,0,0
31-01-2010,0,0,0,0,0
01-02-2010,0,0,0,0,0
02-02-2010,0,0,0,0,0
03-02-2010,0,0,0,0,0
04-02-2010,0,0,0,0,0
05-02-2010,0,0,0,0,0
06-02-2010,0,0,0,0,0
07-02-2010,0,0,0,0,0
08-02-2010,7.6,13,4.5,15,17.4
09-02-2010,36.5,59,25.5,26.4,28.2
10-02-2010,20.8,10,4,1.1,15.1
11-02-2010,0,0,0,0,0
12-02-2010,0,0,0,0,0
13-02-2010,0,0,0,0,0
14-02-2010,0,0,0,0,0
15-02-2010,0,0,0,0,0
16-02-2010,0,0,0,0,0
17-02-2010,0,0,0,0,0
18-02-2010,0,0,0,0,0
19-02-2010,0,0,0,0,0
20-02-2010,0,0,0,0,0
21-02-2010,0,0,0,0,0
22-02-2010,0,0,0,0,0
23-02-2010,10,12.2,2,11,16
24-02-2010,0.5,2,1,3.8,0
25-02-2010,0,0,0,0,0
26-02-2010,0,0,0,0,0
27-02-2010,0,0,0,0,0
28-02-2010,0,0,0,0,0
01-03-2010,0,0,0,0,0
02-03-2010,0,0,0,0,0
03-03-2010,0,0,0,0,0
04-03-2010,0,0,0,0,0
05-03-2010,1.5,0,0,1,0
06-03-2010,0,0,0,0,0
07-03-2010,0,0,0,0,0
08-03-2010,0,0,0,0,0
09-03-2010,0,0,0,0,0
10-03-2010,0,0,0,0,0
11-03-2010,0,0,0,0,0
12-03-2010,0,0,0,0,0
13-03-2010,0,0,0,0,0
14-03-2010,0,0,0,0,0
15-03-2010,0,0,0,0,0
16-03-2010,0,0,0,0,0
17-03-2010,0,0,0,0,0
18-03-2010,0,0,0,0,0
19-03-2010,0,0,0,0,0
20-03-2010,0,0,0,0,0
21-03-2010,0,0,0,0,0
22-03-2010,0,0,0,0,0
23-03-2010,0,0,0,0,0
24-03-2010,0,0,0,0,0
25-03-2010,0,0,0,0,0
26-03-2010,0,0,0,0,0
27-03-2010,0,0,0,0,0
28-03-2010,0,0,0,0,0
29-03-2010,0,0,0,0,0
30-03-2010,0,0,0,0,0
31-03-2010,0,0,0,0,0
01-04-2010,0,0,0,0,0
02-04-2010,0,0,0,0,0
03-04-2010,0,0,0,0,0
04-04-2010,0,0,0,0,0
05-04-2010,0,0,0,0,0
06-04-2010,0,0,0,0,0
07-04-2010,0,0,0,0,0
08-04-2010,0,0,0,0,0
09-04-2010,0,0,0,0,0
10-04-2010,0,0,0,0,0
11-04-2010,0,0,0,0,0
12-04-2010,0,0,0,0,0
13-04-2010,0,0,0,0,0
14-04-2010,0,0,0,0,0
15-04-2010,0,0,0,0,0
16-04-2010,0,0,0,0,0
17-04-2010,0,0,0,0,0
18-04-2010,0,0,0,0,0
19-04-2010,0,0,0,0,0
20-04-2010,0,0,0,0,0
21-04-2010,2.7,0,1,2.7,0
22-04-2010,0.5,0,0,0,0
23-04-2010,0,0,0,0,0
24-04-2010,0,0,0,0,0
25-04-2010,0,0,0,0,0
26-04-2010,0,0,0,0,0
27-04-2010,0,0,0,0,0
28-04-2010,0,0,0,0,0
29-04-2010,0,0,0,0,0
30-04-2010,0,0,0,0,0
01-05-2010,0,0,0,0,0
02-05-2010,0.7,0,0,0,0
03-05-2010,0,0,0,0,0
04-05-2010,0,0,0,0,0
05-05-2010,0,0,0,0,0
06-05-2010,0,0,0,0.5,0
07-05-2010,31.2,27.1,10,27.3,0
08-05-2010,20,5,50,20.4,0
09-05-2010,0,7,0,0,0
10-05-2010,0,0,0,0,0
11-05-2010,6.6,0,0,0,0
12-05-2010,0,0,0,0,0
13-05-2010,0,0,0,0,0
14-05-2010,0,0,0,0,0
15-05-2010,0,0,0,0,0
16-05-2010,0,0,0,0,0
17-05-2010,0,0,0,0,0
18-05-2010,0,0,0,0,0
19-05-2010,8,0,0,0,0
20-05-2010,0,0,0,0,0
21-05-2010,0,0,0,0,0
22-05-2010,0,0,0,0,0
23-05-2010,0,0,0,0,0
24-05-2010,0,0,0,0,0
25-05-2010,0,0,0,0,0
26-05-2010,0,0,0,0,0
27-05-2010,0,0,0,0,0
28-05-2010,0,0,0,0,0
29-05-2010,21.2,13,4,0,10.3
30-05-2010,0,0,0,0,0
31-05-2010,0,0,0,0,0
01-06-2010,0,0,0,0,0
02-06-2010,0,0,0,0,0
03-06-2010,0,0,7.5,0,0
04-06-2010,2.4,0,0,0,0
05-06-2010,8.2,24.3,14.5,10.2,0
06-06-2010,0,0,0,0,0
07-06-2010,0,0,0,0,0
08-06-2010,85.5,72,67,49.6,122
09-06-2010,62.5,78,69,44.5,69
10-06-2010,0.5,0,0,0.6,0
11-06-2010,0,0,0,0,0
12-06-2010,0,0,0,0,0
13-06-2010,0,0,0,0,0
14-06-2010,1.5,0,0,6.8,0
15-06-2010,0.7,2,1.5,4.9,0
16-06-2010,0,0,0,0,0
17-06-2010,0,0,0,0,0
18-06-2010,0,0,0,0,0
19-06-2010,0,0,0,0,0
20-06-2010,0,0,0,0,0
21-06-2010,1.5,0,0,0,0
22-06-2010,0,0,7.5,0,0
23-06-2010,6.9,0,0,34,0
24-06-2010,40,0,5.5,1.8,0
25-06-2010,0,0,0,1.6,0
26-06-2010,0,0,0,0,0
27-06-2010,0,0,0,0,0
28-06-2010,28,7,5,14.8,0
29-06-2010,0.5,0,0,0,0
30-06-2010,0,0,0,0,0
01-07-2010,0.4,0,6.5,14.5,12
02-07-2010,2.2,0,16.5,14.3,0
03-07-2010,0,0,6,7.9,0
04-07-2010,0,0,4,1.7,0
05-07-2010,35,95,73,79.2,24.4
06-07-2010,46.7,57,48,45.8,39.1
07-07-2010,49.5,70,48.5,90.5,31
08-07-2010,13,5,0.5,14.8,4
09-07-2010,0,0,0.5,0,0
10-07-2010,8.7,6,10.5,2.6,0
11-07-2010,2.7,2,8,2.6,0
12-07-2010,1.2,9.2,6.5,3,2.4
13-07-2010,1.4,0,7.5,3.8,0.6
14-07-2010,0,0,0,0,0
15-07-2010,0,0,0,0,0
16-07-2010,0,0,0,0,8
17-07-2010,19.7,0,15.5,35.7,0.2
18-07-2010,0,0,4.5,18.6,0.1
19-07-2010,0,2,1,0,0
20-07-2010,11,9.3,11.5,24.6,2.2
21-07-2010,15.7,17,1,6.6,20.7
22-07-2010,0,0,3.5,3.8,0
23-07-2010,0,4,3,4.3,0.2
24-07-2010,0,0,0,0,0
25-07-2010,67,24,79.5,68.6,6
26-07-2010,0.95,0,1,0,2.8
27-07-2010,12.2,49,16,18,16.2
28-07-2010,24.8,4.2,5,2.4,19.5
29-07-2010,2.3,0,0,0,3.5
30-07-2010,0,22,8.5,0,0
31-07-2010,74.5,43.2,55.5,25,15.2
01-08-2010,2.4,3,11.5,3.2,0
02-08-2010,1.6,6.3,0,1.1,5
03-08-2010,6.6,4,0,6.4,14
04-08-2010,1.5,28,1,0,11.8
05-08-2010,0.8,7.3,0,1.2,2
06-08-2010,25.7,0,14.5,6.6,20.2
07-08-2010,28.5,0,0,26.3,17
08-08-2010,0,33,0,1.4,0
09-08-2010,0,0,0,0,0
10-08-2010,0,0,25.5,0,5
11-08-2010,0,0,16.5,0,0
12-08-2010,14.4,13,21,13.2,19
13-08-2010,9.8,0,53,1.1,0
14-08-2010,0.5,66,7.5,19.1,5
15-08-2010,0,0,12.5,2,1
16-08-2010,0.7,4.1,4,2.6,1
17-08-2010,1.9,0,2.5,3.7,0
18-08-2010,0.8,2,6.5,0.8,14
19-08-2010,1.6,0,38,0.6,4
20-08-2010,0,16,15,10.8,15.5
21-08-2010,1,41,12.5,21.8,8
22-08-2010,6.6,15,5.5,4.5,8
23-08-2010,7,22.1,45.5,17.8,10
24-08-2010,0.5,0,0,0,1.5
25-08-2010,4.8,7,22,6,4.2
26-08-2010,8.9,31,15,12.8,0
27-08-2010,0,0,0,7.4,3
28-08-2010,0,0,0,0,0
29-08-2010,0,0,0,0,0
30-08-2010,0,0,0,0,0
31-08-2010,0,0,0,1,0
01-09-2010,0,0,6,0,0
02-09-2010,0.5,16,0,1.9,8
03-09-2010,1.5,3.1,4.5,0,5
04-09-2010,9,0,0,10.2,11
05-09-2010,0,6,0,7.5,0
06-09-2010,10,2.1,0,9.8,4
07-09-2010,0,37.1,4.5,44,0
08-09-2010,3,35.2,43.5,29.2,2
09-09-2010,0,4,1,20,0
10-09-2010,1,3.2,0.5,0.8,0
11-09-2010,2.8,0,0,0,0
12-09-2010,7.1,17.6,84.5,43.8,2
13-09-2010,3.6,4.1,8,5.4,7
14-09-2010,20.7,9.3,2.5,1.8,1
15-09-2010,7.2,1,2.2,2.4,0
16-09-2010,0,0,1.5,11.6,0
17-09-2010,0,0,0,0,0
18-09-2010,0,0,0,0,0
19-09-2010,0,0,0,1.4,0
20-09-2010,5.5,34,20.5,37,0
21-09-2010,0,0,0,0,0
22-09-2010,17,40.3,4.5,39,42
23-09-2010,41.9,97.3,187,82.6,39
24-09-2010,0,0,0,0,0
25-09-2010,1,0,0,0,0
26-09-2010,0,0,0,0,0
27-09-2010,0,0,0,0,0
28-09-2010,0,0,0,0,0
29-09-2010,0,0,0,0,0
30-09-2010,0,0,0,0,0
01-10-2010,0,0,0,0,0
02-10-2010,0,0,0,0,0
03-10-2010,0,0,0,0,0
04-10-2010,0,0,0,0,0
05-10-2010,0,0,0,0,0
06-10-2010,0,0,0,0,0
07-10-2010,0,0,0,0,0
08-10-2010,0,0,0,0,0
09-10-2010,0,0,0,0,0
10-10-2010,0,0,0,0,0
11-10-2010,0,0,0,0,0
12-10-2010,0.8,0,0,16.8,0
13-10-2010,0,0,0,0,0
14-10-2010,0,0,0,0,0
15-10-2010,0,0,0,0,0
16-10-2010,0,0,0,0,0
17-10-2010,0,0,0,0,0
18-10-2010,0,0,0,0,0
19-10-2010,0,0,0,0,0
20-10-2010,0,0,0,0,0
21-10-2010,0,0,0,0,0
22-10-2010,0,0,0,0,0
23-10-2010,2.6,7.1,40.5,24.9,13
24-10-2010,0,0,0,0,0
25-10-2010,0,0,0,0,0
26-10-2010,0,0,0,0,0
27-10-2010,0,0,0,0,0
28-10-2010,0,0,0,0,0
29-10-2010,0,0,0,0,0
30-10-2010,0,0,0,0,0
31-10-2010,0,0,0,0,0
01-11-2010,0,0,0,0,0
02-11-2010,0,0,0,0,0
03-11-2010,0,0,0,0,0
04-11-2010,0,0,0,0,0
05-11-2010,0,0,0,0,0
06-11-2010,0,0,0,0,0
07-11-2010,0,0,0,0,0
08-11-2010,0,0,0,0,0
09-11-2010,0,0,0,0,0
10-11-2010,0,0,0,0,0
11-11-2010,0,0,0,0,0
12-11-2010,0,0,0,0,0
13-11-2010,0,0,0,0,0
14-11-2010,0,0,0,0,0
15-11-2010,0,0,0,0,0
16-11-2010,0,0,0,0,0
17-11-2010,0,0,0,0,0
18-11-2010,3.5,4,18,4.8,4
19-11-2010,3.8,9.3,4,17,7
20-11-2010,0,0,0,0,0
21-11-2010,0,0,0,0,0
22-11-2010,0,0,0,0,0
23-11-2010,0,0,0,0,0
24-11-2010,0,0,0,0,0
25-11-2010,0,0,0,0,0
26-11-2010,0,0,0,0,0
27-11-2010,0,0,0,0,0
28-11-2010,0,0,0,0,0
29-11-2010,0,0,0,0,0
30-11-2010,0,0,0,0,0
01-12-2010,0,0,0,0,0
02-12-2010,0,0,0,0,0
03-12-2010,0,0,0,0,0
04-12-2010,0,0,0,0,0
05-12-2010,0,0,0,0,0
06-12-2010,0,0,0,0,0
07-12-2010,0,0,0,0,0
08-12-2010,0,0,0,0,0
09-12-2010,0,0,0,0,0
10-12-2010,0,0,0,0,0
11-12-2010,0,0,0,0,0
12-12-2010,0,0,0,0,0
13-12-2010,0,0,0,0,0
14-12-2010,0,0,0,0,0
15-12-2010,0,0,0,0,0
16-12-2010,0,0,0,0,0
17-12-2010,0,0,0,0,0
18-12-2010,0,0,0,0,0
19-12-2010,0,0,0,0,0
20-12-2010,0,0,0,0,0
21-12-2010,0,0,0,0,0
22-12-2010,0,0,0,0,0
23-12-2010,0,0,0,0,0
24-12-2010,0,0,0,0,0
25-12-2010,0,0,0,0,0
26-12-2010,0,0,0,0,0
27-12-2010,0,0,0,0,0
28-12-2010,0,0,0,0,0
29-12-2010,0,0,0,0,0
30-12-2010,9.8,24.3,4,16.8,14
31-12-2010,73.4,80.3,53.7,50.4,45
01-01-2011,1,0,0,0,2
02-01-2011,0,0,0,0,0
03-01-2011,0,0,0,0,0
04-01-2011,0,0,0,0,0
05-01-2011,0,0,0,0,0
06-01-2011,0,0,0,0,0
07-01-2011,0,0,0,0,0
08-01-2011,0,0,0,0,0
09-01-2011,0,0,0,0,0
10-01-2011,0,0,0,0,0
11-01-2011,0,0,0,0,0
12-01-2011,0,0,0,0,0
13-01-2011,0,0,0,0,0
14-01-2011,0,0,0,2.8,0
15-01-2011,6.5,10,0,9.6,4
16-01-2011,6.2,0,0,10.8,4
17-01-2011,0,0,0,0,0
18-01-2011,0,0,0,0,0
19-01-2011,0,0,0,0,0
20-01-2011,0,0,0,0,0
21-01-2011,0,0,0,0,0
22-01-2011,0,0,0,0,0
23-01-2011,0,0,0,0,0
24-01-2011,0,0,0,0,0
25-01-2011,0,0,0,0,0
26-01-2011,0,0,0,0,0
27-01-2011,0,0,0,0,0
28-01-2011,0,0,0,0,0
29-01-2011,0,0,0,0,0
30-01-2011,0,0,0,0,0
31-01-2011,0,0,0,0,0
01-02-2011,0,0,0,0,0
02-02-2011,0,0,0,0,0
03-02-2011,0,0,0,0,0
04-02-2011,0,0,0,0,0
05-02-2011,0,0,0,0,0
06-02-2011,0,0,0,0,0
07-02-2011,3.2,5,0,2.6,0
08-02-2011,52.5,14.3,5,11.6,12
09-02-2011,0,0,0,0,0
10-02-2011,0,0,0,0,0
11-02-2011,0,0,0,0,0
12-02-2011,0,0,0,0,0
13-02-2011,3.8,0,0,0,0
14-02-2011,0.6,12.2,9.5,11.6,3
15-02-2011,4,14.4,10.5,10.6,15
16-02-2011,21,8.2,3.5,2.2,4
17-02-2011,2.4,8.4,8,11.8,4
18-02-2011,0,0,0,0,0
19-02-2011,0,0,0,0,0
20-02-2011,0,0,0,0,0
21-02-2011,0,0,0,0,0
22-02-2011,0,0,0,0,0
23-02-2011,0,0,0,0,0
24-02-2011,0,6.3,1.5,1.6,1
25-02-2011,0,8,0,0,0
26-02-2011,8,0,14.5,8.8,0
27-02-2011,0.8,0,0,0.5,0
28-02-2011,0,0,0,0,0
01-03-2011,0,0,0,0,0
02-03-2011,2.4,0,0,1,0
03-03-2011,1.8,9,2,6.4,5
04-03-2011,25.4,0,0,1.2,0
05-03-2011,0,0,0,0,0
06-03-2011,0,0,0,0,0
07-03-2011,0,0,0,0,0
08-03-2011,0,0,0,0,0
09-03-2011,0,0,0,0,0
10-03-2011,0,0,0,0,0
11-03-2011,0,0,11,1,2
12-03-2011,0,0,0,0,0
13-03-2011,0,0,0,0,0
14-03-2011,0,0,0,0,0
15-03-2011,0,0,0,0,0
16-03-2011,0,0,0,0,0
17-03-2011,0,0,0,0,0
18-03-2011,0,0,0,0,0
19-03-2011,0,0,0,0,0
20-03-2011,0,0,0,0,0
21-03-2011,0,0,0,0,0
22-03-2011,0,0,0,0,0
23-03-2011,0,0,0,0,0
24-03-2011,0,0,0,0,0
25-03-2011,0,0,0,0,0
26-03-2011,0,0,0,0,0
27-03-2011,0,0,0,0,0
28-03-2011,0,0,0,0,0
29-03-2011,0,0,0,0,0
30-03-2011,15,24.3,8.5,8.6,4
31-03-2011,0,0,0,0,0
01-04-2011,0,0,0,0,0
02-04-2011,0,0,0,0,0
03-04-2011,0.4,0,1.5,0,0
04-04-2011,0,0,0,0,0
05-04-2011,0,0,0,0,0
06-04-2011,0,0,0,0,0
07-04-2011,0,0,0,0,0
08-04-2011,0,0,0,0,0
09-04-2011,0,0,0,0,0
10-04-2011,0,0,0.5,0,0
11-04-2011,0.7,2,0.5,2.6,0
12-04-2011,0.7,0,0,0,0
13-04-2011,1.2,3.3,0,2.4,0
14-04-2011,0,0,0,18.2,4
15-04-2011,0,0,0,0,0
16-04-2011,0,0,0,0,0
17-04-2011,2.5,0,0,0,5
18-04-2011,13,3,2.5,6.9,4
19-04-2011,0,1,0,3.6,2
20-04-2011,0,0,0,0,0
21-04-2011,0,0,0,0,0
22-04-2011,0,0,0,0,0
23-04-2011,0,0,0,0,0
24-04-2011,0,0,0,0,0
25-04-2011,0,0,0,0,0
26-04-2011,0,0,0,0,0
27-04-2011,0,0,0,0,0
28-04-2011,0,0,0,0,0
29-04-2011,0,0,0,0,0
30-04-2011,0,0,0,0,0
01-05-2011,0,0,0,0,0
02-05-2011,0,1,0,2.8,0
03-05-2011,0,0,0,0,0
04-05-2011,0,0,0,0,0
05-05-2011,0,0,0,0,0
06-05-2011,0,1.3,0,1.2,0
07-05-2011,0,0,0,9.6,4
08-05-2011,0,0,0,0,0
09-05-2011,0,0,0,0,0
10-05-2011,1.8,0,0,0,0
11-05-2011,0,0,0,0,0
12-05-2011,0,0,0,0,0
13-05-2011,0.6,0,0,0,0
14-05-2011,0,0,0,0,0
15-05-2011,0,0,0,0,0
16-05-2011,0,0,0,0,0
17-05-2011,0,0,0,0,0
18-05-2011,0,0,0,2.5,0
19-05-2011,0,0,0,0,0
20-05-2011,0,0,0,0,0
21-05-2011,0.5,4,5,0,4
22-05-2011,0.3,0,1.5,5.8,0
23-05-2011,0,0,0,0,0
24-05-2011,0,0,0,0,0
25-05-2011,0,0,0,0,0
26-05-2011,18.3,0,17,3.8,5
27-05-2011,35,8.2,7,4,38
28-05-2011,2.6,0,1.5,0.6,2
29-05-2011,0,6.1,0,0,0
30-05-2011,7.2,0,3.5,1.4,5
31-05-2011,0,0,0,0,0
01-06-2011,8.5,6,6,6.8,10
02-06-2011,31.3,40.7,40.5,37.7,4
03-06-2011,0,0,0,0,0
04-06-2011,0,0,0,0,0
05-06-2011,0,0,0,0,0
06-06-2011,0,0,0,0,0
07-06-2011,0,0,0,1.5,0
08-06-2011,12,0,6,6.1,5
09-06-2011,0,0,0,0,0
10-06-2011,2.5,41,4.5,4.2,22
11-06-2011,0,20,0,0,0
12-06-2011,13.7,38,23,15,15
13-06-2011,0,27,0,0,0
14-06-2011,0,15,0,0,0
15-06-2011,28.4,11,16,1.8,15
16-06-2011,25.5,29,16.5,38.8,28
17-06-2011,7.3,25,0,2.4,27
18-06-2011,4.8,8.2,29,2.6,2
19-06-2011,0,0,0,0,0
20-06-2011,0,0,0,0,0
21-06-2011,0,0,0,0,0
22-06-2011,0,0,0,0,0
23-06-2011,1,0,0,0,0
24-06-2011,17.1,10.2,26.5,1,0
25-06-2011,0,0,0,0,0
26-06-2011,0,5.1,0,13.6,0
27-06-2011,30.4,8.1,16,14.2,10
28-06-2011,0,0,5.5,0,0
29-06-2011,30.2,45.1,26,27.8,4
30-06-2011,38,14.3,18.5,4.7,21
01-07-2011,0,0,53,5,0
02-07-2011,0,0,12,0,0
03-07-2011,0,0,6,0,0
04-07-2011,0,0,0,0,8
05-07-2011,0,0,0,0,0
06-07-2011,0,0,0,0,0
07-07-2011,0,0,0.5,0.7,0
08-07-2011,10,0,6.5,4.8,0
09-07-2011,0,48.2,85.5,75.2,5
10-07-2011,3.7,5,8,4.7,0
11-07-2011,0,0,22.5,7,0
12-07-2011,0,30.1,3,0,0
13-07-2011,0.5,0,9.5,13.2,4
14-07-2011,1.5,0,2,0,1
15-07-2011,81,53,25.5,53,28
16-07-2011,24.6,75.2,92,76.2,56
17-07-2011,0.3,1.1,6.5,0,14
18-07-2011,1.6,48.2,25,1.1,20
19-07-2011,30.5,0,1,1.2,2
20-07-2011,0,0,2.5,0,0
21-07-2011,0,0,15,0,0
22-07-2011,0,0,0,0,0
23-07-2011,0,8.2,1.5,0.8,2
24-07-2011,1,3.2,13.5,0,4
25-07-2011,0,11.3,3,10.4,1
26-07-2011,5.3,4.3,3.5,3.8,0
27-07-2011,0,7,7.5,15,4
28-07-2011,10,1.4,0,0,0
29-07-2011,0,0,0,0,0
30-07-2011,0,0,0.5,0,0
31-07-2011,0,0,0,0,0
01-08-2011,0,1.3,12,0,10
02-08-2011,4,2.1,2,0,0
03-08-2011,0.5,0,6.5,1.6,0
04-08-2011,0,0,2,0,0
05-08-2011,1.8,10.1,2,2.4,5
06-08-2011,0,0,1.5,0,0
07-08-2011,4,0,0,0,0
08-08-2011,0,20.1,2,10.6,0
09-08-2011,0,0,5,0,5
10-08-2011,0,2.3,0.5,0,0
11-08-2011,0,3.2,4.5,2.5,0
12-08-2011,3.5,17.2,2,2.4,0
13-08-2011,59,16,6.5,11.6,0
14-08-2011,53,0,5,0,15
15-08-2011,4.3,12,49.5,23.5,45
16-08-2011,138,63,83,32.2,160
17-08-2011,0,0,0,0,2
18-08-2011,0,0,7,0,0
19-08-2011,0,0,17.5,0,0
20-08-2011,23,50,62.5,69.7,54
21-08-2011,0.5,1.1,0,2.8,2
22-08-2011,0,16.2,28.5,9,0
23-08-2011,0,0,9.5,0,0
24-08-2011,2.5,0,1,1.8,0
25-08-2011,0,0,0,0,0
26-08-2011,0.2,0,0,0,0
27-08-2011,14,16.2,10,20,48
28-08-2011,29.5,0,5.5,0,0
29-08-2011,1.9,4.1,2,0,2
30-08-2011,0,0,9,0,0
31-08-2011,0,0,0,0,0
01-09-2011,0,0,0.5,0,1
02-09-2011,0,2.2,0,0,0
03-09-2011,0,19.9,0,0.8,0
04-09-2011,2.5,2,0,1.5,0
05-09-2011,0,0,0,0,0
06-09-2011,0,0,0,0,0
07-09-2011,0,4,1.5,1.2,0
08-09-2011,0,1.3,0,0,0
09-09-2011,17.8,6.1,19,2.5,13
10-09-2011,25.5,9.3,22,1.4,8
11-09-2011,2.7,0,5,1,10
12-09-2011,5.5,0.4,9,0,0
13-09-2011,12,0,0,1,0
14-09-2011,0,0,0,0,0
15-09-2011,15,0,0,0,4
16-09-2011,26.8,18.3,6,19,12
17-09-2011,3,2.1,0,1.6,0
18-09-2011,0,0,0,0,0
19-09-2011,0,0,0,0,0
20-09-2011,0,0,0,0,0
21-09-2011,0,0,0,0,0
22-09-2011,0,0,0,0,0
23-09-2011,0,0,0,0,0
24-09-2011,0,0,0,0,0
25-09-2011,0,0,0,0,0
26-09-2011,0,0,0,0,0
27-09-2011,0,0,0,0,0
28-09-2011,0,0,0,0,0
29-09-2011,0,0,0,0,0
30-09-2011,0,0,0,0,0
01-10-2011,0,0,0.5,0,0
02-10-2011,0,0,0,0,0
03-10-2011,1.8,0,0,0,0
04-10-2011,0,0,0,0,0
05-10-2011,0,0,0,0,0
06-10-2011,0,0,0,0,0
07-10-2011,0,0,0,0,0
08-10-2011,0,0,0,0,0
09-10-2011,0,0,0,0,0
10-10-2011,0,0,0,0,0
11-10-2011,0,0,0,0,0
12-10-2011,0,0,0,0,0
13-10-2011,0,0,0,0,0
14-10-2011,0,0,0,0,0
15-10-2011,0,0,0,0,0
16-10-2011,0,0,0,0,0
17-10-2011,0,0,0,0,0
18-10-2011,0,0,0,0,0
19-10-2011,0,0,0,0,0
20-10-2011,0,0,0,0,0
21-10-2011,0,0,0,0,0
22-10-2011,0,0,0,0,0
23-10-2011,0,0,0,0,0
24-10-2011,0,0,0,0,0
25-10-2011,0,0,0,0,0
26-10-2011,0,0,0,0,0
27-10-2011,0,0,0,0,0
28-10-2011,0,0,0,0,0
29-10-2011,0,0,0,0,0
30-10-2011,0,0,0,0,0
31-10-2011,0,0,0,0,0
01-11-2011,0,0,0,0,0
02-11-2011,0,0,0,0,0
03-11-2011,0,0,0,0,0
04-11-2011,0,0,0,0,0
05-11-2011,0,0,0,0,0
06-11-2011,0,0,0,0,0
07-11-2011,0,0,0,0,0
08-11-2011,0,0,0,0,0
09-11-2011,0,0,0,0,0
10-11-2011,0,0,0,0,0
11-11-2011,0,0,0,0,0
12-11-2011,0,0,0,0,0
13-11-2011,0,0,0,0,0
14-11-2011,0,0,0,0,0
15-11-2011,0,0,0,0,0
16-11-2011,0,0,0,0,0
17-11-2011,0,0,0,0,0
18-11-2011,0,0,0,0,0
19-11-2011,0,0,0,0,0
20-11-2011,0,0,0,0,0
21-11-2011,0,0,0,0,0
22-11-2011,0,0,0,0,0
23-11-2011,0,0,0,0,0
24-11-2011,0,0,0,0,0
25-11-2011,0,0,0,0,0
26-11-2011,0,0,0,0,0
27-11-2011,0,0,0,0,0
28-11-2011,0,0,0,0,0
29-11-2011,0,0,0,0,0
30-11-2011,0,0,0,0,0
01-12-2011,0,0,0,0,0
02-12-2011,0,0,0,0,0
03-12-2011,0,0,0,0,0
04-12-2011,0,0,0,0,0
05-12-2011,0,0,0,0,0
06-12-2011,0,0,0,0,0
07-12-2011,3.5,8.2,4,13.8,4
08-12-2011,0,0,0,6.8,0
09-12-2011,17.2,16.8,3.5,7.6,14
10-12-2011,0,0,0,0,0
11-12-2011,0,0,0,0,0
12-12-2011,0,0,0,0,0
13-12-2011,0,0,0,0,0
14-12-2011,0,0,0,0,0
15-12-2011,0,0,0,0,0
16-12-2011,0,0,0,0,0
17-12-2011,0,0,0,0,0
18-12-2011,0,0,0,0,0
19-12-2011,0,0,0,0,0
20-12-2011,0,0,0,0,0
21-12-2011,0,0,0,0,0
22-12-2011,0,0,0,0,0
23-12-2011,0,0,0,0,0
24-12-2011,0,0,0,0,0
25-12-2011,0,0,0,0,0
26-12-2011,0,0,0,0,0
27-12-2011,0,0,0,0,0
28-12-2011,0,0,0,0,0
29-12-2011,0,0,0,0,0
30-12-2011,0,0,0,0,0
31-12-2011,0,0,0,0,0
01-01-2012,0.5,0,1,0,0
02-01-2012,0,0,0,0,0
03-01-2012,0,0,0,0,0
04-01-2012,0,0,0,0,0
05-01-2012,1,2.4,0,1,0
06-01-2012,0,0,0,0,0
07-01-2012,0.8,6.5,0,6,4
08-01-2012,54.8,15.2,0,6.8,0
09-01-2012,8.4,10.3,1,13,28
10-01-2012,0,0,0,0,0
11-01-2012,0,0,0,0,0
12-01-2012,0,4.1,0,0,5
13-01-2012,0,0,0,0,0
14-01-2012,0,0,0,0,0
15-01-2012,1.6,2.4,0,2.4,21
16-01-2012,37.5,38,5,32.7,35
17-01-2012,9.4,3.8,20.8,4,5
18-01-2012,0,0,6.8,0,0
19-01-2012,2.9,0,0,0,0
20-01-2012,0,0,0,0,0
21-01-2012,0,0,0,0,0
22-01-2012,0,0,0,0,0
23-01-2012,0,0,0,0,0
24-01-2012,0,0,0,0,0
25-01-2012,0,0,0,0,0
26-01-2012,0,0,0,0,0
27-01-2012,0,0,0,0,0
28-01-2012,0,0,0,0,0
29-01-2012,0,0,0,0,0
30-01-2012,0,0,0,0,0
31-01-2012,0,0,0,0,0
01-02-2012,0,0,0,0,0
02-02-2012,0,0,0,0,0
03-02-2012,0,0,0,0,0
04-02-2012,0,0,0,0,0
05-02-2012,8.4,0,5.2,4,6
06-02-2012,0,0,0,0,0
07-02-2012,0,0,0,0,0
08-02-2012,1,0,13,3.2,4
09-02-2012,0,0,0,0,0
10-02-2012,0,0,0,0,0
11-02-2012,0,0,0,0,0
12-02-2012,0,0,0,0,0
13-02-2012,1.9,1.4,0,0,0
14-02-2012,2.1,0,0,1.4,0
15-02-2012,0,0,0,0,0
16-02-2012,0,0,0,0,0
17-02-2012,0,0,0,0,0
18-02-2012,0,0,0,0,0
19-02-2012,0,0,0,0,0
20-02-2012,0,0.5,0,0,2
21-02-2012,0.5,1.2,0,0.6,0
22-02-2012,0,0,0,0,0
23-02-2012,0,0,0,0,0
24-02-2012,0,0,0,0,0
25-02-2012,0,0,0,0,0
26-02-2012,0,0,0,0,0
27-02-2012,0,0,0,0,0
28-02-2012,0,0,0,0,0
29-02-2012,0,0,0,0,0
01-03-2012,0,0,0,0,0
02-03-2012,0,0,0,0,0
03-03-2012,0,0,0,0,0
04-03-2012,0,0,0,0,0
05-03-2012,0,2.4,0,0.6,0
06-03-2012,0.5,4.2,6.5,18.6,2.8
07-03-2012,0,0,0,0.6,0
08-03-2012,0,0,0,0,0
09-03-2012,0,0,0,0,0
10-03-2012,0,0,0,0,0
11-03-2012,0,0,0,0,0
12-03-2012,0,0,0,0,0
13-03-2012,1.5,0,2.5,0,0
14-03-2012,0,0,0,0,0
15-03-2012,0,0,0,0,0
16-03-2012,0,0,0,0,0
17-03-2012,0,0,0,0,0
18-03-2012,0,0,0,0,0
19-03-2012,0,0,0,0,0
20-03-2012,0,0,0,0,0
21-03-2012,0,0,0,0,0
22-03-2012,0,0,0,0,0
23-03-2012,0,0,0,0,0
24-03-2012,0,0,0,0,0
25-03-2012,0,0,0,0,0
26-03-2012,0,0,0,0,0
27-03-2012,0,0,0,0,0
28-03-2012,0,0,0,0,0
29-03-2012,0,0,0,0,0
30-03-2012,0,0,0,0,0
31-03-2012,0,0,0,0,0
01-04-2012,0,0,0,0,0
02-04-2012,0,0,0,0,0
03-04-2012,0,0,0,0,0
04-04-2012,0,0,0,0,0
05-04-2012,0,0,0,0,0
06-04-2012,2.3,0.775,0,0.8,0
07-04-2012,0,0,0,0,0
08-04-2012,0,0,0,0,0
09-04-2012,0,0,0,0,0
10-04-2012,0,0,0,0,0
11-04-2012,6.9,8.4,3,7.3,0.2
12-04-2012,5,9.8,25.6,10.3,0
13-04-2012,0,0,0,1.2,0
14-04-2012,0,6.3,0,0.4,0
15-04-2012,16,4.2,4.5,9.2,0
16-04-2012,0,0,0,0,0
17-04-2012,2.5,3.4,0,6.4,0.2
18-04-2012,0,0,0,0,0
19-04-2012,0,0,0,0,0
20-04-2012,0,0,0,0,0
21-04-2012,0,0,0,0,0
22-04-2012,0,0,0,0,0
23-04-2012,8,14.8,10.5,3.7,4
24-04-2012,0,0,0,0,0
25-04-2012,0,0,0,0,0
26-04-2012,4.3,1,0,7,4.1
27-04-2012,0,0,2.5,0,0
28-04-2012,0,0,0,0,0
29-04-2012,0.9,1.2,5.2,7,0
30-04-2012,0.4,6.6,6.5,2.4,0
01-05-2012,0,0,0,0,0
02-05-2012,0,0,0,0,0
03-05-2012,0,0,0,0,0
04-05-2012,0,0,0,0,0
05-05-2012,0,0,0,0,0
06-05-2012,0,0,0,0,0
07-05-2012,0,0,0,0,0
08-05-2012,0,0,0,0,0
09-05-2012,0,0,0,0,0
10-05-2012,0,0,0,0,0
11-05-2012,0,0,0,0,0
12-05-2012,2.5,14.2,0.5,1,0.4
13-05-2012,0,0,0,0,0
14-05-2012,0,0,0,0,0
15-05-2012,0,0,0,0,0
16-05-2012,0,0,0,0,0
17-05-2012,0,0,0,0,0
18-05-2012,0,0,0,0,0
19-05-2012,0,0,0,0,0
20-05-2012,0,0,0,0,0
21-05-2012,1.5,1.2,0,1,0
22-05-2012,0,0,0,0,0
23-05-2012,0,0,0,0,0
24-05-2012,0,0,0,0,0
25-05-2012,0,0,0,0,0
26-05-2012,0,0,0,0,0
27-05-2012,0,0,0,0,0
28-05-2012,0,0,0,0,0
29-05-2012,0,0,0,0,0
30-05-2012,0,0,0,0,0
31-05-2012,0,0,0,0,0
01-06-2012,0,0,0,0,0
02-06-2012,0,0,0,0.5,0
03-06-2012,0,0,0,0,0
04-06-2012,0,0,0,0,0
05-06-2012,0,0,0,2.2,0
06-06-2012,9.5,16,7,6.6,0.3
07-06-2012,0,0,0,0,0
08-06-2012,0,16.8,0,0,0
09-06-2012,0,0,0,0,0
10-06-2012,0,0,0,0,0
11-06-2012,0,0,0,0,0
12-06-2012,0,0,0,0,0
13-06-2012,0,0,0,0,0
14-06-2012,0,0,0,0,0
15-06-2012,0,0,0,0,0
16-06-2012,0,0,0,0,0
17-06-2012,0,0,0,0,0
18-06-2012,0,0,0,0,0
19-06-2012,0,0,0,0,0
20-06-2012,0,0,0,0,0
21-06-2012,0,0,0,0,0
22-06-2012,0,0,0,0,0
23-06-2012,0,0,0,0,0
24-06-2012,10,0,0,0,2
25-06-2012,13.4,9,0,10,0
26-06-2012,2,0,0,0,0
27-06-2012,0,0,0,0,0
28-06-2012,0,0,0,0,0
29-06-2012,0,0,0,0,0
30-06-2012,0,0,0,0,0
01-07-2012,0,0,0,0,0
02-07-2012,0,0,12.5,22.2,0
03-07-2012,0,0,6,0,0
04-07-2012,41.5,1,0,2.8,5
05-07-2012,31,0,0,0,54
06-07-2012,20.2,8.6,32.5,15,0.9
07-07-2012,70,23,57,34.8,65
08-07-2012,6.2,17.1,10.5,12.8,60
09-07-2012,18.6,0,0,0,0
10-07-2012,0,13.2,17.5,55.2,10
11-07-2012,6.4,21.4,28,7,0
12-07-2012,22,37.6,77,71.2,51.95
13-07-2012,14.5,20.8,16.5,2.4,49.2
14-07-2012,14,15,15,0,0
15-07-2012,0.5,25,25,0,0
16-07-2012,0,0,2.5,0,0
17-07-2012,1.4,0,0,0,0
18-07-2012,0,0,0,0,0
19-07-2012,1.3,2.2,2,1,0
20-07-2012,0,0,0,0,0
21-07-2012,4.2,4.6,12,63,3.8
22-07-2012,0,2.6,3,1.4,0
23-07-2012,7.4,0.4,0,0,18.1
24-07-2012,10,0,1,0,0
25-07-2012,38.8,21.4,23,1.4,46
26-07-2012,0,0,0,0,0
27-07-2012,0,7.6,24.5,9.4,0
28-07-2012,4.2,4.6,9.5,0,2.8
29-07-2012,0,0,4.5,3,0
30-07-2012,0,0,0,0,0
31-07-2012,9,2.1,0,13.7,19.2
01-08-2012,2.4,28.2,7.5,20.1,10.4
02-08-2012,1.5,4.8,0,1.4,2
03-08-2012,6.5,4.4,3.5,0,4
04-08-2012,66,0,0,13.1,30
05-08-2012,0,1.4,8,0,0
06-08-2012,0,0,0,0,0
07-08-2012,0,0,0,0,0
08-08-2012,6.8,4.4,4,5.3,11
09-08-2012,0,0,0,0,0
10-08-2012,19.2,22.6,7,18.4,0
11-08-2012,7.5,7.8,10.5,1.2,0
12-08-2012,2.5,12.2,30.5,21.2,0
13-08-2012,0,0,0,0,19
14-08-2012,1.8,7.2,36.5,44.2,0
15-08-2012,15.8,45.2,21.5,39.7,0
16-08-2012,22,0,0,0,60
17-08-2012,0,0,6.5,0,0
18-08-2012,39,7.3,1.5,4.1,2.4
19-08-2012,69,0,2.5,1,20
20-08-2012,75,7.3,80,10.2,20.3
21-08-2012,10.4,8.1,22.5,4.2,20.4
22-08-2012,18.5,12,24.5,17.6,100.4
23-08-2012,4.8,2.3,4,2.7,17
24-08-2012,28,72.4,31.5,3.4,31
25-08-2012,18.5,18.75,0.5,0,56
26-08-2012,24.3,14,55.5,22.2,31
27-08-2012,4,16.1,22.5,16.4,21.4
28-08-2012,3,5.4,4.5,7.2,10.4
29-08-2012,0,12.8,30,7.4,2
30-08-2012,0,0,0,0,0
31-08-2012,7.3,0.8,17.5,8.8,5
01-09-2012,0,0,0,0,0
02-09-2012,0,0,0,0,0
03-09-2012,1.2,1.2,0,0,0
04-09-2012,12.5,17.8,43,5,17
05-09-2012,1.2,0,8,0,2.2
06-09-2012,0,36.8,0,0,0
07-09-2012,0,0,1,0,0
08-09-2012,18.5,11.2,8.5,23.2,0
09-09-2012,0,0.8,0,1,13.8
10-09-2012,0,0,0,0,20
11-09-2012,0,0,0,0,0
12-09-2012,0.5,19.2,8,13.8,1.8
13-09-2012,0,1.8,19.5,0.7,5.4
14-09-2012,12.8,7,2,0,2.9
15-09-2012,1.8,2.2,0,4.6,1.1
16-09-2012,0,2,0.5,0.6,0
17-09-2012,10,7.4,11,14.5,6.4
18-09-2012,34.5,14.2,71,13.8,4.4
19-09-2012,30,65,64.5,34.6,110.2
20-09-2012,0,0,0,0,0
21-09-2012,0,0,0,0,0
22-09-2012,0,0,1,0,0
23-09-2012,0,0,0,0,0
24-09-2012,0,0,0,0,0
25-09-2012,0,0,42.5,0,0
26-09-2012,0,0,0,0,0
27-09-2012,0,0,0,0,0
28-09-2012,0,0,0,0,0
29-09-2012,0,0,0,0,0
30-09-2012,0,0,0,0,0
01-10-2012,0,0,0,0,0
02-10-2012,0,0,0,0,0
03-10-2012,0,0,0,0,0
04-10-2012,0,0,0,0,0
05-10-2012,0,0,0,0,0
06-10-2012,0,0,0,0,0
07-10-2012,0,0,0,0,0
08-10-2012,0,0,0,0,0
09-10-2012,0,0,0,1.8,0
10-10-2012,0,0,0,0,0
11-10-2012,0,0,0,0,0
12-10-2012,0,0,0,0,0
13-10-2012,0,0,0,0,0
14-10-2012,0,0,0,0,0
15-10-2012,0,0,0,0,0
16-10-2012,0,0,0,0,0
17-10-2012,0,0,0,0,0
18-10-2012,0,0,0,0,0
19-10-2012,0,0,0,0,0
20-10-2012,0,0,0,0,0
21-10-2012,0,0,0,0,0
22-10-2012,0,0,0,0,0
23-10-2012,0,0,0,0,0
24-10-2012,5.5,0,0,1.7,0
25-10-2012,0,0,0,0,0
26-10-2012,0,0,0,0,0
27-10-2012,0,0,0,0,0
28-10-2012,0,0,0,0,0
29-10-2012,0,0,0,0,0
30-10-2012,0,0,0,0,0
31-10-2012,0,0,0,0,0
01-11-2012,0,0,0,0,0
02-11-2012,0,0,0,0,0
03-11-2012,0,0,0,0,0
04-11-2012,0,0,0,0,0
05-11-2012,0,0,0,0,0
06-11-2012,0,0,0,0,0
07-11-2012,0,0,0,0,0
08-11-2012,0,0,0,0,0
09-11-2012,0,0,0,0,0
10-11-2012,0,0,0,0,0
11-11-2012,0,0,0,0,0
12-11-2012,0,0,0,0,0
13-11-2012,0,0,0,0,0
14-11-2012,0,0,0,0,0
15-11-2012,0,0,0,0,0
16-11-2012,0,0,0,0,0
17-11-2012,0,0,0,0,0
18-11-2012,0,0,0,0,0
19-11-2012,0,0,0,0,0
20-11-2012,0,0,0,0,0
21-11-2012,0,0,0,0,0
22-11-2012,0,0,0,0,0
23-11-2012,0,0,0,0,0
24-11-2012,0,0,0,0,0
25-11-2012,0,0,0,0,0
26-11-2012,0,0,0,0,0
27-11-2012,0,0,0,0,0
28-11-2012,0,0,0,0,0
29-11-2012,0,0,0,0,0
30-11-2012,3,2.8,2,3.9,0
01-12-2012,0,0,0,0,0
02-12-2012,0,0,0,0,0
03-12-2012,0,0,0,0,0
04-12-2012,0,0,0,0,0
05-12-2012,0,0,0,0,0
06-12-2012,0,0,0,0,0
07-12-2012,0,0,0,0,0
08-12-2012,0,0,0,0,0
09-12-2012,0,0,0,0,0
10-12-2012,0,0,0,0,0
11-12-2012,0.5,6,2,3,0
12-12-2012,6.5,3.6,0,2.6,4.2
13-12-2012,0,0,0,0,0
14-12-2012,8.8,14.6,15.5,12.8,12.2
15-12-2012,0,0,0,0,0
16-12-2012,0,1.2,0,1.2,0
17-12-2012,0,0,0,0,0
18-12-2012,0,0,0,0,0
19-12-2012,0,0,0,0,0
20-12-2012,0,0,0,0,0
21-12-2012,0,0,0,0,0
22-12-2012,0,0,0,0,0
23-12-2012,0,0,0,0,0
24-12-2012,0,0,0,0,0
25-12-2012,0,0,0,0,0
26-12-2012,0,0,0,0,0
27-12-2012,0,0,0,0,0
28-12-2012,0,0,0,0,0
29-12-2012,0,0,0,0,0
30-12-2012,0,0,0,0,0
31-12-2012,0,0,0,0,0
01-01-2013,0,0,0,0,0
02-01-2013,0,0,0,0,0
03-01-2013,0,0,0,0,0
04-01-2013,0,0,0,0,0
05-01-2013,0,0,0,0,0
06-01-2013,0,0,0,0,0
07-01-2013,0,0,0,0,0
08-01-2013,0,0,0,0,0
09-01-2013,0,0,0,0,0
10-01-2013,0,0,0,0,0
11-01-2013,0,0,0,0,0
12-01-2013,0,0,0,0,0
13-01-2013,0,0,0,0,0
14-01-2013,0,0,0,0,0
15-01-2013,0,0,0,0,0
16-01-2013,0,0,0,0,0
17-01-2013,0,0,0,0,0
18-01-2013,34.8,80.2,0.5,56.8,45.4
19-01-2013,38.2,45.6,0,55.4,50
20-01-2013,2.3,0,0,1.4,0
21-01-2013,0,0,0,0,0
22-01-2013,0,0,0,0,0
23-01-2013,0,0,0,0,0
24-01-2013,0,0,0,0,0
25-01-2013,0,0,0,0,0
26-01-2013,0,0,0,0,0
27-01-2013,0,0,0,0,0
28-01-2013,0,0,0,0,0
29-01-2013,0,0,0,0,0
30-01-2013,0,0,0,0,0
31-01-2013,0,0,0,0,0
01-02-2013,0,0,0,0,0
02-02-2013,0,0,0,0,0
03-02-2013,0,0,0,0,0
04-02-2013,8.5,11.4,1.5,10,11.4
05-02-2013,14,28.8,10.5,24.8,18.4
06-02-2013,77.5,97.2,82,72.4,57
07-02-2013,0.8,10,0,14,0
08-02-2013,0,0,0,0,0
09-02-2013,0,0,0,0,0
10-02-2013,0,0,0,0,0
11-02-2013,0,0,0,0,0
12-02-2013,0,0,0,0,0
13-02-2013,0,0,0,0,0
14-02-2013,0,0,0,0,0
15-02-2013,0,0,0,0,0
16-02-2013,14,8.4,13,8.1,6
17-02-2013,9,9.8,12.5,10.2,9.6
18-02-2013,1.3,2,0,0,0
19-02-2013,0,0,0,0,0
20-02-2013,0,0,0,0,0
21-02-2013,0,0,0,0,0
22-02-2013,0.8,10.2,6.5,6.2,3.4
23-02-2013,13,14.6,5.5,13.8,26.4
24-02-2013,23.4,18.75,18,17.4,16.2
25-02-2013,0,0,0,0,0
26-02-2013,0,0,0,0,0
27-02-2013,14,6.4,2.5,6.4,12.2
28-02-2013,10,0,2.5,1,0
01-03-2013,0,0,0,0,0
02-03-2013,0,0,0,0,0
03-03-2013,0,0,0,0,0
04-03-2013,0,0,0,0,0
05-03-2013,0,0,1,0,0
06-03-2013,0,0,0,0,0
07-03-2013,0,0,0,0,0
08-03-2013,0,0,0,0,0
09-03-2013,0,0,0,0,0
10-03-2013,0,0,0,0,0
11-03-2013,0,0,0,0,0
12-03-2013,0,0,0,0,0
13-03-2013,0,0,0,0,0
14-03-2013,8.5,12.6,4,16.8,13.4
15-03-2013,7.5,26,13.5,22.2,16.2
16-03-2013,0,0,0,0,0
17-03-2013,0,0,0,0,0
18-03-2013,0,0,0,0,0
19-03-2013,0,0,0,0,0
20-03-2013,0,0,0,0,0
21-03-2013,0,0,0,0,0
22-03-2013,0,0,0,0,0
23-03-2013,0,0,0,0,0
24-03-2013,17.7,8.2,1.5,11.6,15.2
25-03-2013,9.5,16.8,3,20.8,25.2
26-03-2013,0,0,0,0,0
27-03-2013,0,0,0,0,0
28-03-2013,0,0,0,0,0
29-03-2013,0,0,1,3.2,4.2
30-03-2013,0,25,1,11,0
31-03-2013,0,0,0,0,0
01-04-2013,0,0,0,0,0
02-04-2013,0,0,0,0,0
03-04-2013,0,0,0,0,0
04-04-2013,0,0,0,0,6.2
05-04-2013,0,0,0,0,0
06-04-2013,0,0,0,0,0
07-04-2013,0,0,0,0,0
08-04-2013,0,0,0,0,0
09-04-2013,0,0,0,0,0
10-04-2013,0,0,0,0,0
11-04-2013,0,0,0,0,0
12-04-2013,0,0,0,3.2,0
13-04-2013,0,0,0,0,0
14-04-2013,0,0,0,0,0
15-04-2013,0,0,0,0,0
16-04-2013,0,0,0,0,0
17-04-2013,0,0,0,0,0
18-04-2013,0,0,0,0,0
19-04-2013,0,0,0,0,0
20-04-2013,0,0,0,0,0
21-04-2013,0,0,0,0,0
22-04-2013,0,0,0,0,0
23-04-2013,0,0,0,0,0
24-04-2013,0,0,0,0,0
25-04-2013,0,0,0,0,0
26-04-2013,0,0,0,0,0
27-04-2013,0.1,4.4,2,2.2,0
28-04-2013,0,0,0,0,0
29-04-2013,0,0,0,0,0
30-04-2013,0,0,0.5,0,0
01-05-2013,0,0,0,0,0
02-05-2013,0,0,0,0,0
03-05-2013,0,0,0,0,0
04-05-2013,0,0,0,0,0
05-05-2013,0,0,0,0,0
06-05-2013,0,0,0,0,0
07-05-2013,0,0,0,1.4,0
08-05-2013,0,0,0,0,0
09-05-2013,0,0,0,0,0
10-05-2013,0,0,0,0,0
11-05-2013,0,0,0,0,0
12-05-2013,9.4,25.4,0,15.4,7.2
13-05-2013,0.9,8.2,1.5,8,12.4
14-05-2013,0,0,0,0,0
15-05-2013,0,0,0,0,0
16-05-2013,0,0,0,0,0
17-05-2013,0,0,0,0,0
18-05-2013,0,0,0,0,0
19-05-2013,0,0,0,0,0
20-05-2013,0,0,0,0,0
21-05-2013,0,0,0,0,0
22-05-2013,0,0,0,0,0
23-05-2013,0,0,0,0,0
24-05-2013,0,0,0,0,0
25-05-2013,0,0,0,0,0
26-05-2013,0,0,0,0,0
27-05-2013,3,0,0,0,0
28-05-2013,16.4,6.2,2,10.4,4.4
29-05-2013,0,0,0,0,0
30-05-2013,0,0,0,0,0
31-05-2013,0,0,0,10.7,0
01-06-2013,0,0,0,0,0
02-06-2013,0,0,0,0,0
03-06-2013,0,0,0,0,0
04-06-2013,5,12.8,0,13.4,9
05-06-2013,0,0,0,0,0
06-06-2013,0,0,0,0,0
07-06-2013,0,15.2,6,2.8,0
08-06-2013,0,3.4,0,1,0
09-06-2013,0,0,0,0,0
10-06-2013,0,0,0,0,0
11-06-2013,0,0,0,0,0
12-06-2013,2.8,36,8.5,29.4,70.4
13-06-2013,0,0,0,0,0
14-06-2013,68,61.8,72,52,72.7
15-06-2013,47,38.2,26.5,11,80.5
16-06-2013,41.5,18.2,75.5,39.8,43.75
17-06-2013,0.4,9.2,42.5,23.2,60.4
18-06-2013,11.5,9.8,17,1.4,8.2
19-06-2013,0,0,0,0,0
20-06-2013,0,0,0,0,0
21-06-2013,0,0,0,0,0
22-06-2013,0,0,0,0,0
23-06-2013,0,0,0,0,0
24-06-2013,0.5,6.4,0,3.4,10.1
25-06-2013,0,4,0,0,21.8
26-06-2013,17.5,52.2,12.5,19.4,47.6
27-06-2013,5.5,2.6,3.5,7.3,30.2
28-06-2013,39,85.5,53.5,43.2,16.4
29-06-2013,0,1.8,0,3,4.2
30-06-2013,5.2,3.8,0,1.8,0
01-07-2013,0,0,0,0,0
02-07-2013,0,0,0,0,0
03-07-2013,19,0,22.5,27.6,53.2
04-07-2013,0,0,0,0,0
05-07-2013,0,0,0,0.5,0
06-07-2013,0.5,0,1,0,2.4
07-07-2013,23.5,15.8,41,24.4,0
08-07-2013,0,22.6,0,30.4,11.2
09-07-2013,19.2,14.8,12,6.6,27.6
10-07-2013,6.5,0,0,0,16.8
11-07-2013,14,0,0,0,3.4
12-07-2013,0,0,0,0,0
13-07-2013,1,0,0,0,0
14-07-2013,1,1.4,9,0,0
15-07-2013,15.5,0,0,0,34
16-07-2013,36,24.8,8,12.6,3.2
17-07-2013,32.5,31,5.8,4,24.4
18-07-2013,0,0,3.5,5.2,0
19-07-2013,0,0,7.2,0,0
20-07-2013,21.9,3.1,4.5,16.2,0
21-07-2013,0.6,1.4,0,0,0
22-07-2013,2.4,8,51,14,0
23-07-2013,0,1.8,0,0,0
24-07-2013,0,0.8,23.5,6.8,0
25-07-2013,0.8,26.8,32.5,5.2,0
26-07-2013,0,0.2,3.5,0,0
27-07-2013,3,12.8,0,5.6,0
28-07-2013,0,4.4,0,0,0
29-07-2013,8,1.2,0,0,0
30-07-2013,0,0,12.5,0,0
31-07-2013,0,0,0,0,0
01-08-2013,4.5,2.8,0,3.4,0
02-08-2013,0.9,0.2,0,5.8,0
03-08-2013,0,14,0,1.2,0
04-08-2013,19.8,17.4,0,6.4,0
05-08-2013,0,0,9,0,0
06-08-2013,0,17.4,7.2,6.5,0
07-08-2013,3,2.8,2.5,7.2,11.4
08-08-2013,31.9,2.4,23,7.2,23.4
09-08-2013,46,27,11.5,19.6,0
10-08-2013,1.5,1.3,0,3.4,0
11-08-2013,0.9,0.4,7.5,9.6,0
12-08-2013,0.8,1.2,10.5,11.6,13.6
13-08-2013,0,0,0,1,0
14-08-2013,0.6,0.8,0,0,0
15-08-2013,19.2,0,3,0,4.2
16-08-2013,5.5,5.8,7.5,7,8.2
17-08-2013,12.2,3.2,0,0.5,20
18-08-2013,0.2,0,12.5,0,0
19-08-2013,0.7,1.4,37.5,1,6.4
20-08-2013,0,0,0,0,0
21-08-2013,32.4,2.2,18.5,24.2,10.4
22-08-2013,0,1,36.5,0,28.4
23-08-2013,0,0,0,0,0
24-08-2013,0,0,5.2,1.8,0
25-08-2013,7.5,4.8,57.6,0,0
26-08-2013,0,0,0,0,0
27-08-2013,0,0,0,0,0
28-08-2013,0,3,30,0,0
29-08-2013,0,0,54.5,0,15.6
30-08-2013,3.8,34.6,6,1,0
31-08-2013,0,17.2,0,1,0
01-09-2013,2.2,0.6,12.5,1,0
02-09-2013,1,0,1.5,0,0
03-09-2013,0.3,0,0,0,0
04-09-2013,0,0,0,0,0
05-09-2013,0,0,0,0,0
06-09-2013,0.8,0,6,0,0
07-09-2013,0,0,0,0,0
08-09-2013,20,30.2,34,25.4,0
09-09-2013,13.4,7,42,3,33
10-09-2013,0,0,0,0,0
11-09-2013,0,0,10.2,0,0
12-09-2013,0,0,0,1.8,0
13-09-2013,6.5,0,10.6,2.8,0
14-09-2013,0,0,0,0,0
15-09-2013,0,0,0,0,0
16-09-2013,6,11.2,7,3,0
17-09-2013,0,0,0,0,0
18-09-2013,0,0,0,0,0
19-09-2013,0,0,0,0,0
20-09-2013,0,0,0,0,0
21-09-2013,0,4.2,0,5.4,15.2
22-09-2013,0,14.6,24.5,22,4.2
23-09-2013,0,0,0,0,0
24-09-2013,0,0,0,0,0
25-09-2013,0,17.6,0,0,0
26-09-2013,0,0,0,0,0
27-09-2013,0,0,0,0,0
28-09-2013,6.8,8.4,33.5,2,7.2
29-09-2013,0,0,0,0,0
30-09-2013,0,2.8,0,0,0
01-10-2013,1.4,9.8,14.5,1,14.8
02-10-2013,0,2.4,0,0,0
03-10-2013,0,0.2,7,0,0
04-10-2013,0,0.8,0,0,0
05-10-2013,0,3.8,0,2,0
06-10-2013,0,0,0,0,0
07-10-2013,0,0,0,0,0
08-10-2013,0,0,0,0,0
09-10-2013,0,0,0,0,0
10-10-2013,0,0,0,0,0
11-10-2013,0,0,0,1.3,0
12-10-2013,0.4,2.8,5,1.2,0
13-10-2013,0,0.2,0,0,0
14-10-2013,0,0,0,0,0
15-10-2013,0,0,0,0,0
16-10-2013,0,0,0,0,0
17-10-2013,0,0,0,0,0
18-10-2013,0,0,0,0,0
19-10-2013,0,0,0,0,0
20-10-2013,0,0,0,0,0
21-10-2013,0,0,0,0,0
22-10-2013,0,0,0,0,0
23-10-2013,0,0,0,0,0
24-10-2013,0,0,0,0,0
25-10-2013,0,0,0,0,0
26-10-2013,0,0,0,0,0
27-10-2013,0,0,0,0,0
28-10-2013,0,0,0,0,0
29-10-2013,0,0,0,0,0
30-10-2013,0,0,0,0,0
31-10-2013,5.4,0,4.5,3.2,0
01-11-2013,0,11.8,0,4.6,0
02-11-2013,0,0,0,0,0
03-11-2013,0,0,0,0,0
04-11-2013,0,0,0,0,0
05-11-2013,0,0,0,0,0
06-11-2013,0,0,0,0,0
07-11-2013,0,0,0,0,0
08-11-2013,12,13.8,0.5,4.8,70.2
09-11-2013,0,0,0,0,0
10-11-2013,0,0,0,0,0
11-11-2013,0,0,0,0,0
12-11-2013,0,0,0,0,0
13-11-2013,0,0,0,0,0
14-11-2013,0,0,0,0,0
15-11-2013,0,0,0,0,0
16-11-2013,0,0,0,0,0
17-11-2013,0,0,0,0,0
18-11-2013,0,0,0,0,0
19-11-2013,0,0,0,0,0
20-11-2013,0,0,0,0,0
21-11-2013,0,0,0,0,0
22-11-2013,0,0,0,0,0
23-11-2013,0,0,0,0,0
24-11-2013,0,0,0,0,0
25-11-2013,0,0,0,0,0
26-11-2013,0,0,0,0,0
27-11-2013,0,0,0,0,0
28-11-2013,0,0,0,0,0
29-11-2013,0,0,0,0,0
30-11-2013,0,0,0,0,0
01-12-2013,0,0,0,0,0
02-12-2013,0,0,0,0,0
03-12-2013,0,0,0,0,0
04-12-2013,0,0,0,0,0
05-12-2013,0,0,0,0,0
06-12-2013,0,0,0,0,0
07-12-2013,0,0,0,0,0
08-12-2013,0,0,0,0,0
09-12-2013,0,0,0,0,0
10-12-2013,0,0,0,0,0
11-12-2013,0,0,0,0,0
12-12-2013,0,0,0,0,0
13-12-2013,0,0,0,0,0
14-12-2013,0,0,0,0,0
15-12-2013,0,0,0,0,0
16-12-2013,0,0,0,0,0
17-12-2013,0,0,0,0,0
18-12-2013,0,0,0,0,0
19-12-2013,0,0,0,0,0
20-12-2013,0,0,0,0,0
21-12-2013,0,0,0,0,0
22-12-2013,12.8,15.6,12.5,14.6,0
23-12-2013,3.4,5.4,7,5.2,17.8
24-12-2013,0,0,0,0,0
25-12-2013,0,0,0,0,0
26-12-2013,0,0,0,0,0
27-12-2013,0,0,0,0,0
28-12-2013,0,0,0,0,0
29-12-2013,0,0,0,0,0
30-12-2013,0,0,0,0,0
31-12-2013,3.5,3.2,1,2.4,0
01-01-2014,2,1,0,1,0
02-01-2014,0,0,0,0,0
03-01-2014,0,0,0,0,0
04-01-2014,0,0,0,0,0
05-01-2014,0,0,0,0,0
06-01-2014,0,0,0,0,0
07-01-2014,0,0,0,0,0
08-01-2014,0,0,0,0,0
09-01-2014,0,0,0,0,0
10-01-2014,0,0,0,0,0
11-01-2014,3.3,3.4,0.5,4,0
12-01-2014,0,0,0,0,0
13-01-2014,0,0,0,0,0
14-01-2014,1,0,0,0,0
15-01-2014,0,0,0,0,0
16-01-2014,0,0,0,0,0
17-01-2014,0,0,0,0,0
18-01-2014,15.5,27.2,20,27,31.2
19-01-2014,0.5,2.4,0,2,0
20-01-2014,0,0,0,0,0
21-01-2014,0,0,0,0,0
22-01-2014,0,0.2,0,0,0
23-01-2014,37.9,34.8,40,29,40.2
24-01-2014,0,0,0,0,0
25-01-2014,0,0,0,0,0
26-01-2014,0,0,0,0,0
27-01-2014,0,0,0,0,0
28-01-2014,0,0,0,0,0
29-01-2014,0,0,0,0,0
30-01-2014,0,0,0,0,0
31-01-2014,0,0,0,0,0
01-02-2014,0,0,0,0,0
02-02-2014,0,0,0,0,0
03-02-2014,0,0,0,0,0
04-02-2014,2,1.6,3.5,1.6,0
05-02-2014,0,0,0,0,0
06-02-2014,0,0,0,0,0
07-02-2014,5,15.8,7.5,9.2,26.6
08-02-2014,9.5,16.4,10.5,32,11.8
09-02-2014,0,0.4,0,0,0
10-02-2014,0,0,0,0,0
11-02-2014,0,0,0,0,0
12-02-2014,0,0,0,0,0
13-02-2014,0,0,0,0,0
14-02-2014,10,17.8,19.2,11,20.2
15-02-2014,26,27.8,32,27.6,26.2
16-02-2014,4,16.4,15,18.6,15.2
17-02-2014,0,3,0,0,0
18-02-2014,0,0,0,0,0
19-02-2014,0,0,0,0,0
20-02-2014,0,0,0,0,0
21-02-2014,0,0,0,0,0
22-02-2014,0,1.4,5,2,0
23-02-2014,0,0,0,0,0
24-02-2014,0,0,0,0,0
25-02-2014,0,0,0,0,0
26-02-2014,0,0,0,0,0
27-02-2014,3.5,1.8,0,4.4,1
28-02-2014,11,9.8,10,1.4,7.2
01-03-2014,8.5,22.8,27,14,19.2
02-03-2014,32.4,22.4,20,17.6,21.2
03-03-2014,0.4,4.2,5,0.8,0
04-03-2014,0,0,0,0,0
05-03-2014,0,0,0,0,0
06-03-2014,1.5,0,0,2,0
07-03-2014,0,0,0,0,0
08-03-2014,0,0,0,0,0
09-03-2014,0,0,0,0,0
10-03-2014,0,0,0,0,0
11-03-2014,6,32.4,25,25.8,17.2
12-03-2014,1.8,2.8,5,8.4,3.2
13-03-2014,0,1.4,0,0,0
14-03-2014,0,0,0,0,0
15-03-2014,0,0,0,0,0
16-03-2014,0,0,0,0,0
17-03-2014,0,0,0,0,0
18-03-2014,19,16.6,21.5,30,11.4
19-03-2014,0,4.8,0,1.2,0
20-03-2014,0,0,0,0,0
21-03-2014,0,0,0,0,0
22-03-2014,0,0,0,0,0
23-03-2014,0,0,0,0,0
24-03-2014,3.9,5.2,2,1.2,0
25-03-2014,8.2,18.4,10.5,14.8,11.4
26-03-2014,0,0,0,0,0
27-03-2014,0,0,0,0,0
28-03-2014,0.2,32,2,2,0
29-03-2014,1.4,8.2,10.5,6,0
30-03-2014,0,0,0,0,0
31-03-2014,0,0,0,0,0
01-04-2014,0,0,0,0,0
02-04-2014,0,0,0,0,0
03-04-2014,12.4,10.2,16,15,10.8
04-04-2014,0,0,0,0,0
05-04-2014,0,0,0,0,0
06-04-2014,0,0,0,0,0
07-04-2014,7.4,19.8,14.6,14,26.8
08-04-2014,7.5,0,0,0,0
09-04-2014,0,0,0,0,0
10-04-2014,0,0,0,0,0
11-04-2014,0,0,0,0,0
12-04-2014,0,7.1,0,0,0
13-04-2014,3.6,0,0,2.2,0
14-04-2014,1.8,0,0,2.4,0
15-04-2014,0,0,0,0,0
16-04-2014,0,0,0,0,0
17-04-2014,2.8,2,0,0.6,18.4
18-04-2014,0.8,5.6,0,4,0
19-04-2014,17.8,22.8,30,19.4,24.2
20-04-2014,0,0,0,0,0
21-04-2014,0,0,0,0,0
22-04-2014,0,0,0,0,0
23-04-2014,0,0,0,0,0
24-04-2014,0,0,0,0,0
25-04-2014,0,0,0,0,0
26-04-2014,0,0,0,0,0
27-04-2014,0,0,0,0,0
28-04-2014,0,0,0,0,0
29-04-2014,0,0,0,0,0
30-04-2014,0,0,0,0,0
01-05-2014,0,0,0,0,0
02-05-2014,0,0,0,0,0
03-05-2014,0,0,0,0,0
04-05-2014,0,0,0,0,0
05-05-2014,20,7.6,29.5,7.4,0
06-05-2014,0,19.6,0,1.2,30.4
07-05-2014,0,0,0,0.6,0
08-05-2014,0,0,0,0,0
09-05-2014,0,0,0,0,0
10-05-2014,0,0,0,0,0
11-05-2014,0,0,0,0,0
12-05-2014,7.7,0,0,0,4.4
13-05-2014,6.5,25.4,19.5,27,16.2
14-05-2014,10.8,14,34.5,15,8.8
15-05-2014,0,0,0,0,0
16-05-2014,0,0,0,0,0
17-05-2014,0,0,0,0,0
18-05-2014,0,0,0,0,0
19-05-2014,0,0,0,0,0
20-05-2014,0,0,0,0,0
21-05-2014,0,0,0,0,0
22-05-2014,0,0,0,0,0
23-05-2014,0,0,0,0,0
24-05-2014,0.6,1.2,0,0,0
25-05-2014,0,0,0,0,0
26-05-2014,0,1.8,0,0,0
27-05-2014,0,0,0,0,0
28-05-2014,0,1,0,0,0
29-05-2014,0,0,0,0,0
30-05-2014,0,0,0,0,0
31-05-2014,2.4,0,0,0,9.4
01-06-2014,6.1,0,0,0,0
02-06-2014,5.4,2.4,0,0,36.4
03-06-2014,0,0,0,0,0
04-06-2014,0,0,0,0,0
05-06-2014,0,0,0,0,0
06-06-2014,0,0,0,0,0
07-06-2014,0,0,0,0,0
08-06-2014,0,0,0,0,0
09-06-2014,0,0,0,0,0
10-06-2014,0,0,0,0,0
11-06-2014,0,0,0,0,0
12-06-2014,0,0,0,0,0
13-06-2014,0,0,0,0,0
14-06-2014,5,3.6,24.5,0,0
15-06-2014,0,29.4,2.5,11.6,20.4
16-06-2014,16.5,44.6,19,8.2,30.6
17-06-2014,0.5,0.6,0,1,0
18-06-2014,0,7.2,0,11.6,0
19-06-2014,1.9,0,10.5,4.2,0
20-06-2014,0,11.6,0,6.2,0
21-06-2014,10.2,5.6,4.5,8,16.1
22-06-2014,0.2,0,0,0,0
23-06-2014,0,0,0,1,0
24-06-2014,0,0,0,0,0
25-06-2014,10,16.6,0,3,31.1
26-06-2014,0,1.8,0,0,0
27-06-2014,0,0,0,0,0
28-06-2014,14.5,0,13,18.4,0
29-06-2014,23.2,38.1,1,22.2,0
30-06-2014,0,3.2,0,0,0
01-07-2014,13.2,8.6,4.5,12.2,31.8
02-07-2014,70.5,90.8,17.5,93.6,42.8
03-07-2014,0.9,5.6,15,19.5,6.4
04-07-2014,25.8,15.2,20,0,0
05-07-2014,0.3,2.4,57.5,0,0
06-07-2014,0,0,0,0,0
07-07-2014,0,0,0,0,0
08-07-2014,0,0,0,0,0
09-07-2014,21.8,0,1.5,0,18
10-07-2014,0.2,0,0,0,0
11-07-2014,0,0,0,0,0
12-07-2014,0,0,1,0,0
13-07-2014,0,0,6.5,0,0
14-07-2014,29.2,54.2,39.5,17.6,70.2
15-07-2014,0,0,0,0,0
16-07-2014,0,3,21,33.4,0
17-07-2014,9.5,14.8,4.5,6,0
18-07-2014,13.8,41.4,54.5,48,8.2
19-07-2014,4.5,61.2,43.5,62.6,21.8
20-07-2014,2.5,24.2,4,50.2,0
21-07-2014,3.2,0.4,3,1.4,10.4
22-07-2014,0,0,2.5,0,0
23-07-2014,0,5.4,29.5,5.4,0
24-07-2014,11,7.8,0.5,4.1,3.6
25-07-2014,1,3.8,8.5,3.8,7.8
26-07-2014,2,6.4,1.5,0,0
27-07-2014,1.8,12.4,52.5,0,0
28-07-2014,9.2,16,3,3.2,6.2
29-07-2014,22,2.4,5.5,0,0
30-07-2014,15.5,1,0.5,0,10.2
31-07-2014,0,0.6,0,0,0
01-08-2014,0,3.4,0,0,0
02-08-2014,4.5,0,0,2.8,5.4
03-08-2014,0,3.4,1,0,0
04-08-2014,4,0,7.5,0,0
05-08-2014,10,15.4,15,0,0
06-08-2014,0,13.4,2,0,0
07-08-2014,15.5,11.2,25.5,7.6,9.4
08-08-2014,0,0.4,0,0,0
09-08-2014,20.7,1,113,6,0
10-08-2014,0.5,1.2,10.5,0,0
11-08-2014,0,0,0,0,0
12-08-2014,0,0,15,0,0
13-08-2014,0,0,1,0,0
14-08-2014,40.8,21.2,21.5,2.4,26.4
15-08-2014,129.2,14.8,21,12.2,22.6
16-08-2014,24.7,28.8,26.5,52.8,60.4
17-08-2014,0,13,4,0,0
18-08-2014,0,0,0,0,0
19-08-2014,0,0,0,0,0
20-08-2014,0,0,0,0,0
21-08-2014,0,0,0,0,0
22-08-2014,0,0,0,0,0
23-08-2014,0,0,0,0,0
24-08-2014,0,0,0,0,0
25-08-2014,0,0,0,0,0
26-08-2014,1.4,0,0,0,0
27-08-2014,0,0,0,0,0
28-08-2014,0,0,0,0,0
29-08-2014,0,0,10.5,0,0
30-08-2014,3.5,0,10,0,0
31-08-2014,0,0,0,0,0
01-09-2014,0.5,11.8,40,20.8,0
02-09-2014,3.5,9.2,29.5,28.6,7.6
03-09-2014,1.4,1,2,1.4,4.4
04-09-2014,0.7,0,0,0,0
05-09-2014,0.7,4,3,1.4,0
06-09-2014,24.4,69.4,63,72.5,49.4
07-09-2014,3.5,1.8,1.5,2.2,12.4
08-09-2014,9.5,0,0,1,0
09-09-2014,25,1.4,5.5,0.5,4.2
10-09-2014,0,0,0,0,0
11-09-2014,0,0,0,0,0
12-09-2014,0,0,2,0,0
13-09-2014,0,0,21.5,0,0
14-09-2014,0,0,0,0,0
15-09-2014,0,0,0,0,10.4
16-09-2014,0,0,0,0,0
17-09-2014,0,0,0,0,0
18-09-2014,0,0,0,0,0
19-09-2014,0,0,0,0,0
20-09-2014,0,0,0,0,0
21-09-2014,0.5,0,36,1,12.2
22-09-2014,0,0,0,0,0
23-09-2014,0,0,0,0,0
24-09-2014,0,0,0,0,0
25-09-2014,6.2,0,0,0,0
26-09-2014,0,0,0,0,0
27-09-2014,0,0,0,0,0
28-09-2014,0,0,0,0,0
29-09-2014,0.5,0,0,0,0
30-09-2014,0,0,0,0,0
01-10-2014,0,0,0,0,0
02-10-2014,0,0,18,0,17.8
03-10-2014,0,0,0,0,0
04-10-2014,0,0,0,0,0
05-10-2014,0,0,0,0,0
06-10-2014,0,0,0,0,0
07-10-2014,0,0,0,0,0
08-10-2014,1.4,0,0,0,0
09-10-2014,0,0,0,1.7,0
10-10-2014,0,0,0,0,0
11-10-2014,0,0,0,0,0
12-10-2014,0,0,0,0,0
13-10-2014,0,0,0,0,0
14-10-2014,0,15.8,0,7.2,8.8
15-10-2014,0,0,5,5.8,0
16-10-2014,0,0,0,0,0
17-10-2014,0,0,0,0,0
18-10-2014,0,0,0,0,0
19-10-2014,0,0,0,0,0
20-10-2014,0,0,0,0,0
21-10-2014,0,0,0,0,0
22-10-2014,0,0,0,0,0
23-10-2014,0,0,0,0,0
24-10-2014,0,0,0,0,0
25-10-2014,0,0,0,0,0
26-10-2014,0,0,0,0,0
27-10-2014,0,0,0,0,0
28-10-2014,0,0,0,0,0
29-10-2014,2.5,0,0,1,14.8
30-10-2014,0,0,0,0,0
31-10-2014,0,0,0,0,0
01-11-2014,0,0,0,0,0
02-11-2014,0,0,0,0,0
03-11-2014,0,0,0,0,0
04-11-2014,0,0,0,0,0
05-11-2014,0,0,0,0,0
06-11-2014,0,0,0,0,0
07-11-2014,0,0,0,0,0
08-11-2014,0,0,0,0,0
09-11-2014,0,0,0,0,0
10-11-2014,0,0,0,0,0
11-11-2014,0,0,0,0,0
12-11-2014,0,0,0,0,0
13-11-2014,0,0,0,0,0
14-11-2014,0,0,0,0,0
15-11-2014,0,0,0,0,0
16-11-2014,0,0,0,0,0
17-11-2014,0,0,0,0,0
18-11-2014,0,0,0,0,0
19-11-2014,0,0,0,0,0
20-11-2014,0,0,0,0,0
21-11-2014,0,0,0,0,0
22-11-2014,0,0,0,0,0
23-11-2014,0,0,0,0,0
24-11-2014,0,0,0,0,0
25-11-2014,0,0,0,0,0
26-11-2014,0,0,0,0,0
27-11-2014,0,0,0,0,0
28-11-2014,0,0,0,0,0
29-11-2014,0,0,0,0,0
30-11-2014,0,0,0,0,0
01-12-2014,0,0,0,0,0
02-12-2014,0,0,0,0,0
03-12-2014,0,0,0,0,0
04-12-2014,0,0,0,0,0
05-12-2014,0,0,0,0,0
06-12-2014,0,0,0,0,0
07-12-2014,0,0,0,0,0
08-12-2014,0,0,0,0,0
09-12-2014,0,0,0,0,0
10-12-2014,0,0,0,0,0
11-12-2014,0,0,0,0,0
12-12-2014,0,0,0,0,0
13-12-2014,0,0,0,2.4,0
14-12-2014,68.6,88.2,80.5,39.6,90.8
15-12-2014,34.8,20.2,33,32.6,90
16-12-2014,0,0,0,1,0
17-12-2014,0,0,0,0,0
18-12-2014,0,0,0,0,0
19-12-2014,0,0,0,0,0
20-12-2014,0,0,0,0,0
21-12-2014,0,0,0,0,0
22-12-2014,0,0,0,0,0
23-12-2014,0,0,0,0,0
24-12-2014,0,0,0,0,0
25-12-2014,0,0,0,0,0
26-12-2014,0,0,0,0,0
27-12-2014,0,0,0,0,0
28-12-2014,0,0,0,0,0
29-12-2014,0,0,0,0,0
30-12-2014,0,0,0,0,0
31-12-2014,0,0,0,0,0
01-01-2015,0,0,0,0,0
02-01-2015,0,0,0,0,0
03-01-2015,6.4,7.6,12.5,6.8,4
04-01-2015,19.5,16.4,20.5,10,16.5
05-01-2015,0,0,0,0,0
06-01-2015,0,0,0,0,0
07-01-2015,0,0,0,0,0
08-01-2015,0,0,0,0,0
09-01-2015,0,0,0,0,0
10-01-2015,0,0,0,0,0
11-01-2015,0,0,0,0,0
12-01-2015,0,0,0,0,0
13-01-2015,0,0,0,0,0
14-01-2015,0.5,0,0,1.2,0
15-01-2015,8.7,8.4,9.2,5.8,7.2
16-01-2015,0,0,0,0,0
17-01-2015,0,0,0,0,0
18-01-2015,0,0,0,0,0
19-01-2015,0,0,0,0,0
20-01-2015,0,0,0,0,0
21-01-2015,0,0,0,0,0
22-01-2015,2.2,2.4,1.5,1.2,4.2
23-01-2015,21.2,15.4,31.5,18.4,23.2
24-01-2015,0,0,0,0,0
25-01-2015,0,0,0,0,0
26-01-2015,0,0,0,0,0
27-01-2015,5.7,8.2,7.5,6,5
28-01-2015,0.5,0,0,0,0
29-01-2015,0,0,0,0,0
30-01-2015,0,0,0,0,0
31-01-2015,0,0,0,0,0
01-02-2015,0,0,0,0,0
02-02-2015,0,0,0,0,0
03-02-2015,18.6,26,32.5,26.2,29.2
04-02-2015,0,0,0,0,0
05-02-2015,0,0,0,0,0
06-02-2015,0,0,0,0,0
07-02-2015,0,0,0,0,0
08-02-2015,0,0,0,0,0
09-02-2015,0,0,0,0,0
10-02-2015,0,0,0,0,0
11-02-2015,0,0,0,0,0
12-02-2015,0,0,0,0,0
13-02-2015,0,0,0,0,0
14-02-2015,0,0,0,0,0
15-02-2015,0,0,0,0,0
16-02-2015,6.5,5.2,1,2.6,0
17-02-2015,2.2,0,0.5,1.2,6.4
18-02-2015,0,0,0,0,0
19-02-2015,0.5,0,0,0,0
20-02-2015,14,14.2,8.5,4.2,24.2
21-02-2015,19.5,13.4,11,16.2,11.2
22-02-2015,0,0,0,0,0
23-02-2015,0,0,0,0,0
24-02-2015,0,0,0,0,0
25-02-2015,4,11.6,9.5,13,13.2
26-02-2015,12.4,5.2,0.5,3.6,5
27-02-2015,0,0,0,0,0
28-02-2015,0,0,0,0,0
01-03-2015,0,0,0,0,0
02-03-2015,80,122.4,119.5,89,95.5
03-03-2015,24.3,59.4,27,51.2,110.7
04-03-2015,25,1.2,5,2,0
05-03-2015,0,0,0,2.8,0
06-03-2015,8.3,2.2,4.5,0,0
07-03-2015,0,0,0,4.2,0
08-03-2015,0.5,0,4.5,3.6,0
09-03-2015,15.4,29.2,16,31.3,35.4
10-03-2015,0,0,0,0,0
11-03-2015,0,0,0,0,0
12-03-2015,0,0,0,0,0
13-03-2015,0,0,0,0,0
14-03-2015,0,0,0,0,0
15-03-2015,5.6,2,7.5,2.2,0
16-03-2015,11.7,8.2,4.5,2.8,7.4
17-03-2015,13,21,46,17.5,21.6
18-03-2015,0,0,0,0,0
19-03-2015,0,0,0,0,0
20-03-2015,0,0,0,0,0
21-03-2015,0,0,0,0,0
22-03-2015,0,0,0,0,0
23-03-2015,0,0,0,0,0
24-03-2015,0,0,0,0,0
25-03-2015,0,0,0,0,0
26-03-2015,0,0,0,0,0
27-03-2015,0,0,0,0,0
28-03-2015,0,0,0,0,0
29-03-2015,0.5,0,0,0,0
30-03-2015,6.5,10,2.5,5.2,8.1
31-03-2015,2.8,2,0,1.8,1.65
01-04-2015,0,0,0,0,0
02-04-2015,14,22.4,1,5,24.6
03-04-2015,1.8,5.6,3,3.6,0
04-04-2015,0,0,1,0,74.4
05-04-2015,13,30,1.5,26.8,41.6
06-04-2015,0,0,0,0,0
07-04-2015,0,0,0,0,0
08-04-2015,7.6,5.8,3,4.6,5.6
09-04-2015,0,2.2,0,0,3.6
10-04-2015,0,0,0,0,0
11-04-2015,0,0,0,0,0
12-04-2015,0,0,0,0,0
13-04-2015,0,0,0,0,0
14-04-2015,1,0,0,0,0
15-04-2015,0,0,1,4,0
16-04-2015,9,17.2,18,28.8,17.6
17-04-2015,3,3.2,3.5,3,2.4
18-04-2015,0,0,0,0,0
19-04-2015,0,0,0,0,0
20-04-2015,0,0,0,0,0
21-04-2015,0,0,0,0,0
22-04-2015,0,3.2,0,0,5.1
23-04-2015,0,0,0,0,0
24-04-2015,0,0,0,0,0
25-04-2015,0,0,0,0,0
26-04-2015,0,0,0,0,0
27-04-2015,0,0,0,0,0
28-04-2015,0,0,0,0,0
29-04-2015,2,0,0,0,0
30-04-2015,0,0,0,0,0
01-05-2015,2.3,0,4.5,1.7,10.2
02-05-2015,0,0,0,0,0
03-05-2015,0,0,0,0,0
04-05-2015,0,0,0,0,0
05-05-2015,0,0,0,0,0
06-05-2015,0,0,0,0,0
07-05-2015,0,0,0,0,0
08-05-2015,0,0,0,0,0
09-05-2015,0,0,0,0,0
10-05-2015,0,0,0,0,0
11-05-2015,0,0,0,0,0
12-05-2015,10,7.8,3,4.8,10.4
13-05-2015,5,0,1,1.2,0
14-05-2015,11.4,1.2,29.5,7.6,4.8
15-05-2015,0,2.8,0.5,0.8,0
16-05-2015,0,0,0,0,0
17-05-2015,0,0,0,0,0
18-05-2015,0,0,0,0,0
19-05-2015,0,0,0,0,0
20-05-2015,0,0,0,0,0
21-05-2015,0,0,0,0,0
22-05-2015,0,0,0,0,0
23-05-2015,0,0,0,0,0
24-05-2015,0,0,0,0,0
25-05-2015,0,0,0,0,0
26-05-2015,1,0,0,0,0
27-05-2015,0,0,0,0,0
28-05-2015,0,0,0,0,0
29-05-2015,0,0,0,0,0
30-05-2015,0,0,0,0,0
31-05-2015,0,0,0,0,0
01-06-2015,0.6,2.8,1,7.3,0
02-06-2015,0,0,0,0,0
03-06-2015,0.8,1.2,5,1.1,0
04-06-2015,0,0,2,0,0
05-06-2015,8,0,0,0,0
06-06-2015,4.2,5.8,19,0,0
07-06-2015,0,0,0,0,0
08-06-2015,0,0,0,0,0
09-06-2015,0,0,0,0,0
10-06-2015,0,0,0,0,0
11-06-2015,9,0,0,0,0
12-06-2015,0,0,0,0,0
13-06-2015,0,0,0,0,0
14-06-2015,1.4,4.2,0,5,0
15-06-2015,0,0,0,0,3.2
16-06-2015,0,0,0,0,0
17-06-2015,0,0,0,0,0
18-06-2015,0,0,0,0,0
19-06-2015,0,0,0,0,0
20-06-2015,26.5,23.8,24.5,63.2,37.4
21-06-2015,0,0,1,0,13.6
22-06-2015,0,3.6,5.5,0,0
23-06-2015,0,0,0,0,0
24-06-2015,0,1.2,9,1.4,0
25-06-2015,36.5,8.2,2,5.4,13.4
26-06-2015,0,1,0,3,0
27-06-2015,0,0,0,0,0
28-06-2015,0,0,0,0,0
29-06-2015,0,0,0,0,0
30-06-2015,18.5,4.8,6,4.7,4.2
01-07-2015,0,1.8,1,2.5,17.2
02-07-2015,0,0.8,6.5,0,0
03-07-2015,0,0,0,0,0
04-07-2015,0,0,0,0,0
05-07-2015,0.6,2.4,0.5,3.2,0
06-07-2015,81,10.8,35.5,6.2,31.2
07-07-2015,5,11.2,0,3.2,2
08-07-2015,55.5,12.2,14,18,14.6
09-07-2015,1,0,34,0,0
10-07-2015,2,8.6,8.5,3.4,2.6
11-07-2015,26.5,49.2,61,38.9,40.4
12-07-2015,17.8,13.2,32.5,34,10.4
13-07-2015,7.5,10.6,14,9.7,34.4
14-07-2015,0,0,0,0,0
15-07-2015,0,0,18,0,0
16-07-2015,14,18.2,6,8.3,240.4
17-07-2015,27,110.8,48.5,105,272.2
18-07-2015,21,2.2,20.5,3.6,0
19-07-2015,13.2,2.6,54,0,12.4
20-07-2015,0.4,0,0,2.4,0
21-07-2015,1.7,7.9,2.5,22.4,4.4
22-07-2015,0,0,5,0,0
23-07-2015,0,0,0,0,0
24-07-2015,1.8,0,4,0,3.6
25-07-2015,0,0,0,1,0
26-07-2015,16.5,31.6,38.5,32.6,42.2
27-07-2015,0.8,0,0.5,0,33.4
28-07-2015,2.5,2.18,1,0,0
29-07-2015,1,0,0,0,11.8
30-07-2015,0,0,0,0,0
31-07-2015,0,0,11,0,0
01-08-2015,10,21.2,41,18.8,7.8
02-08-2015,0,0,0,0,0
03-08-2015,0,0,0,0,0
04-08-2015,0,0,0,0,0
05-08-2015,2,26.8,54.5,0,0
06-08-2015,0,0,0,0,0
07-08-2015,20,0,46,3.3,10.2
08-08-2015,23,32.2,24,17.4,80.6
09-08-2015,62,3.2,1.5,1.7,75.6
10-08-2015,7.5,14.5,15,2.8,145.4
11-08-2015,1.4,0,40,0,0
12-08-2015,1,0,11,3,0
13-08-2015,0,0,0,0,0
14-08-2015,0,1.4,18.5,12.6,0
15-08-2015,2,0,0,0,0
16-08-2015,0,1.8,41.5,33.6,0
17-08-2015,0,3.6,0,0,0
18-08-2015,0,0,0,0,0
19-08-2015,0,0,25.5,0,0
20-08-2015,0,1.2,2.5,0.7,0
21-08-2015,10.4,10.2,58.5,3,15.4
22-08-2015,21,33.2,13,3.3,7.4
23-08-2015,0,0.2,2.5,2,0
24-08-2015,0,0,0,0,0
25-08-2015,2.5,0,13,0,0
26-08-2015,0,0,0,0,0
27-08-2015,0,0,0,0,0
28-08-2015,31.7,1.8,10.5,0,51.6
29-08-2015,0,0,0,0,0
30-08-2015,0,0,0,0,0
31-08-2015,0,0,9,0,0
01-09-2015,0,0,0,0,0
02-09-2015,0,0,0,0,0
03-09-2015,0.5,2.8,1,0,0
04-09-2015,0,0,0,0,5.4
05-09-2015,0,0,0,0,0
06-09-2015,0,0,0,0,0
07-09-2015,0,0,0,0,0
08-09-2015,0,0,0,0,0
09-09-2015,0,0,0,0,0
10-09-2015,0,0,0,0,0
11-09-2015,0,0,0,0,0
12-09-2015,0,0,0,0,0
13-09-2015,0,0,0,0,0
14-09-2015,0,0,0,0,0
15-09-2015,0,0,0,0,0
16-09-2015,0,0,0,0,0
17-09-2015,4.5,0,17,1,0
18-09-2015,0,0,0,0,0
19-09-2015,0.7,0,0,0,0
20-09-2015,22.5,0.8,2,1.4,0
21-09-2015,12,21.8,16,18,15.8
22-09-2015,0,0.4,12,0,0
23-09-2015,14.5,7.8,29.5,21.2,8.2
24-09-2015,3,0,4,0,0
25-09-2015,0,0,0,0,0
26-09-2015,0,0,0,0,0
27-09-2015,4.5,0,0,0,0
28-09-2015,0,0,0,0,0
29-09-2015,0,0,0,0,0
30-09-2015,0,0,0,0,0
01-10-2015,0,0,0,0,0
02-10-2015,0,0,0,0,0
03-10-2015,0,0,0,0,0
04-10-2015,0,0,0,0,0
05-10-2015,0,0,0,0,0
06-10-2015,0,0,0,0,0
07-10-2015,0,0,0,0,0
08-10-2015,0,0,0,0,0
09-10-2015,0,0,0,0,0
10-10-2015,0,0,0,0,0
11-10-2015,0,0,0,0,0
12-10-2015,0,0,0,0,0
13-10-2015,0,0,0,0,0
14-10-2015,0,0,0,0,0
15-10-2015,7.6,1.8,22.5,19,6.6
16-10-2015,0,0,0,0,0
17-10-2015,0,0,0,0,0
18-10-2015,0,0,0,0,0
19-10-2015,0,0,0,0,0
20-10-2015,0.2,0,0,0,0
21-10-2015,0,0,0,0,0
22-10-2015,0,0,0,0,0
23-10-2015,0,0,0,0,0
24-10-2015,0,0,0,0,0
25-10-2015,0,0,0,0,0
26-10-2015,19.8,2.2,3.5,7.4,14.2
27-10-2015,0,0,0,0,0
28-10-2015,5.4,13.8,1,8.2,4.2
29-10-2015,1.4,0,0,0,0
30-10-2015,0,0,0,0,0
31-10-2015,0,0,0,0,0
01-11-2015,0,0,0,0,0
02-11-2015,0,0,0,0,0
03-11-2015,0,0,0,0,0
04-11-2015,0,0,0,0,0
05-11-2015,0,0.4,1.5,0.6,0
06-11-2015,0,0,0,0,0
07-11-2015,0,0,0,0,0
08-11-2015,0,0,0,0,0
09-11-2015,0,0,0,0,0
10-11-2015,0,0,0,0,0
11-11-2015,0,0,0,0,0
12-11-2015,0,0,0,0,0
13-11-2015,0,0,0,0,0
14-11-2015,0,0,0,0,0
15-11-2015,0,0,0,0,0
16-11-2015,0,0,0,0,0
17-11-2015,0,0,0,0,0
18-11-2015,0,0,0,0,0
19-11-2015,0,0,0,0,0
20-11-2015,0,0,0,0,0
21-11-2015,0,0,0,0,0
22-11-2015,0,0,0,0,0
23-11-2015,0,0,0,0,0
24-11-2015,0,0,0,0,0
25-11-2015,0,0,0,0,0
26-11-2015,0,0,0,0,0
27-11-2015,2.8,3.8,0,2.4,5.8
28-11-2015,0,4.6,1,0,9.4
29-11-2015,0,0,0,0,0
30-11-2015,0,0,0,0,0
01-12-2015,0,0,0,0,0
02-12-2015,0,0,0,0,0
03-12-2015,0,0,0,0,0
04-12-2015,0,0,0,0,0
05-12-2015,0,0,0,0,0
06-12-2015,0,0,0,0,0
07-12-2015,0,0,0,0,0
08-12-2015,0,0,0,0,0
09-12-2015,0,0,0,0,0
10-12-2015,0,0,0,0,0
11-12-2015,32.4,0.8,4,2,7.4
12-12-2015,20,42.8,19,16.7,12.4
13-12-2015,0,0,0,0,0
14-12-2015,0,0,0,0,0
15-12-2015,0,0,0,0,0
16-12-2015,0,0,0,0,0
17-12-2015,0,0,0,0,0
18-12-2015,0,0,0,0.6,0
19-12-2015,0,0,0,0,0
20-12-2015,0,0,0,0,0
21-12-2015,0,0,0,0,0
22-12-2015,0,0,0,0,0
23-12-2015,0,0,0,0,0
24-12-2015,0,0,0,0,0
25-12-2015,0,0,0,0,0
26-12-2015,0,0,0,0,0
27-12-2015,0,0,0,0,0
28-12-2015,0,0,0,0,0
29-12-2015,0,0,0,0,0
30-12-2015,0,0,0,0,0
31-12-2015,0,0,0,0,0
01-01-2016,0,0,0,0,0
02-01-2016,0,0,0,0,0
03-01-2016,0,0,0,0,0
04-01-2016,0,0,0,0,0
05-01-2016,0,0,0,0,0
06-01-2016,0,0,0,0,0
07-01-2016,0,0,0,0,0
08-01-2016,0,0,0,0,0
09-01-2016,0,0,0,0,0
10-01-2016,0,0,0,0,0
11-01-2016,0,0,0,0,0
12-01-2016,0,0,0,0,0
13-01-2016,0,0,0,0,0
14-01-2016,0,0,0,0,0
15-01-2016,0,0,0,0,0
16-01-2016,0,0,0,0,0
17-01-2016,0,0,0,0,0
18-01-2016,0,0,0,0,0
19-01-2016,0,0,0,0,0
20-01-2016,0,0,0,0,0
21-01-2016,0,0,0,0,0
22-01-2016,0,0,0,0,0
23-01-2016,0,0,0,0,0
24-01-2016,0,0,0,0,0
25-01-2016,0,0,0,0,0
26-01-2016,0,0,0,0,0
27-01-2016,0,0,0,0,0
28-01-2016,0,0,0,0,0
29-01-2016,0,0,0,0,0
30-01-2016,9.5,10.8,4,4,10.4
31-01-2016,0,0,0,0,0
01-02-2016,0,0,0,0,0
02-02-2016,0,0,0,0,0
03-02-2016,0,0,0,0,0
04-02-2016,0,0,0,0,0
05-02-2016,0,0,0,0,0
06-02-2016,0,0,0,0,0
07-02-2016,4.5,2.8,0,2.2,0
08-02-2016,9.5,0,11,26,14.8
09-02-2016,0,0,0,0,0
10-02-2016,0,0,0,0,0
11-02-2016,0,0,0,0,0
12-02-2016,0,0,0,0,0
13-02-2016,0,0,0,1.2,0
14-02-2016,0,1.8,0,0.8,0
15-02-2016,0,0,0,0,0
16-02-2016,0,0,0,0,0
17-02-2016,0,0,0,0,0
18-02-2016,0,0,0,0,0
19-02-2016,0,0,0,0,0
20-02-2016,5,45.2,15.6,5.4,7.4
21-02-2016,4.5,0,0,0,0
22-02-2016,0,0,0,0,0
23-02-2016,0,0,0,0,0
24-02-2016,0,0,0,0,0
25-02-2016,0,0,0,0,0
26-02-2016,0,0,0,0,0
27-02-2016,0,0,0,0,0
28-02-2016,0,0,0,0,0
29-02-2016,0,0,0,0,0
01-03-2016,0,0,0,0,0
02-03-2016,0,0,0,0,0
03-03-2016,0,0,0,0,0
04-03-2016,0,0,0,0,0
05-03-2016,0,0,0,0,0
06-03-2016,3.4,1.2,5.5,3,0
07-03-2016,17.5,17.4,16.5,6.1,38.4
08-03-2016,0,3.4,0,0,0
09-03-2016,0,0,0,0,0
10-03-2016,0,0,0,0,0
11-03-2016,0.5,0,0,0,0
12-03-2016,3.5,1.8,7.5,12.5,31.2
13-03-2016,27.5,44.2,55,32.8,41.4
14-03-2016,2.7,17.8,10,25,26.6
15-03-2016,0,4.8,0,0.8,0
16-03-2016,0,0,0,0,0
17-03-2016,0,0,0,0,0
18-03-2016,4,1.8,1,1.4,0
19-03-2016,0,1.2,1.5,1.3,0
20-03-2016,4,5.8,5.5,2,6.4
21-03-2016,0,0,1.5,2.6,0
22-03-2016,0,0,0,0,0
23-03-2016,0,0,0,0,0
24-03-2016,0,0,0,0,0
25-03-2016,0,0,0,0,0
26-03-2016,0,0,0,0,0
27-03-2016,0,0,0,0,0
28-03-2016,0,0,0,0,0
29-03-2016,0,0,0,0,0
30-03-2016,0,0,0,0,0
31-03-2016,0,0,0,0,0
01-04-2016,0,0,0,0,0
02-04-2016,0,0,0,0,0
03-04-2016,0,0,0,0,0
04-04-2016,0,0,0,0,0
05-04-2016,0,1.8,12.5,7.8,0
06-04-2016,0,0,0,0,0
07-04-2016,5.4,8.4,0.5,8.2,0
08-04-2016,0.6,0,0,6.4,0
09-04-2016,0,0,0,0,0
10-04-2016,0,0,0,0,0
11-04-2016,0,0,0,0,0
12-04-2016,0,0,0,0,0
13-04-2016,0,0,0,0,0
14-04-2016,0,0,0,0,0
15-04-2016,0,0,0,0,0
16-04-2016,0,0,0,0,0
17-04-2016,0,0,0,0,0
18-04-2016,0,0.4,0,0,0
19-04-2016,0,0,0,1.6,0
20-04-2016,0,0,0,0,0
21-04-2016,0,0,0,0,0
22-04-2016,0,0,4,0,0
23-04-2016,0,0.4,0,1.6,0
24-04-2016,0,0,0,0,0
25-04-2016,0,0,0,0,0
26-04-2016,0,0,0,0,0
27-04-2016,0,0,0,0,0
28-04-2016,0,0,0,0,0
29-04-2016,0,0,0,0,0
30-04-2016,0,0,0,0,0
01-05-2016,0,0,0,0,0
02-05-2016,0,0,0,0,0
03-05-2016,0,0,0,0,0
04-05-2016,0,0,0,0,0
05-05-2016,6.4,1.6,0,0,0
06-05-2016,0.6,7.125,0,18.8,9.1
07-05-2016,0,6.375,20.5,5,0
08-05-2016,0,0,0,0,0
09-05-2016,0,0,0,0,0
10-05-2016,0,0,0,0,0
11-05-2016,31.4,59.525,41.5,49,116.2
12-05-2016,0,0,0,0,0
13-05-2016,0,0,0,0,0
14-05-2016,0,0,0,0,0
15-05-2016,0,0,0,0,0
16-05-2016,0,0,0,0,0
17-05-2016,0,0,0,0,0
18-05-2016,0,0,0,0,0
19-05-2016,0,0,0,0,0
20-05-2016,0,0,0,0,0
21-05-2016,1.5,0.375,0,0,0
22-05-2016,0,0,0,0,0
23-05-2016,0,0,0,0,0
24-05-2016,13,12.2,10,24.4,1.4
25-05-2016,0,0,0,0,0
26-05-2016,0,0,0,0,0
27-05-2016,0,0,0,0,0
28-05-2016,0,0,0,0,0
29-05-2016,4.8,9.9,8,17.8,9
30-05-2016,0.6,0.4,0,1,0
31-05-2016,0,0,0,0,0
01-06-2016,0,0,0,0,0
02-06-2016,0,0,0,0,0
03-06-2016,0,0,0,0,0
04-06-2016,0,0,0,0,0
05-06-2016,0,0,0,0,0
06-06-2016,1,6.825,7.5,18.8,0
07-06-2016,25.4,14.6,7,26,0
08-06-2016,9.8,18.625,18.5,7.6,38.6
09-06-2016,12.5,5.325,6,2.8,0
10-06-2016,1.2,6.425,4.5,0,20
11-06-2016,0,0.25,1,0,0
12-06-2016,0,0,0,0,0
13-06-2016,0,1.35,0,0,5.4
14-06-2016,0,37.15,53,0,95.6
15-06-2016,31.4,44.325,72.5,4,69.4
16-06-2016,43.5,53.05,46,41.5,81.2
17-06-2016,0,0.125,0,0.5,0
18-06-2016,0,0,0,0,0
19-06-2016,0,2.625,10.5,0,0
20-06-2016,0,0,0,0,0
21-06-2016,0,1.8,2.5,4.7,0
22-06-2016,0,1.375,1,4.5,0
23-06-2016,0.8,6.45,20.5,4.5,0
24-06-2016,0,0,0,0,0
25-06-2016,0,0,0,0,0
26-06-2016,1.5,7.5,24.5,4,0
27-06-2016,0,0,0,0,0
28-06-2016,1.5,0.75,1.5,0,0
29-06-2016,2.5,1.25,2.5,0,0
30-06-2016,0,0,0,0,0
01-07-2016,24.8,31.325,15.5,0,85
02-07-2016,13.8,65.95,13,42,195
03-07-2016,53,48.875,19.5,18,105
04-07-2016,1,2.75,10,0,0
05-07-2016,0,0.5,2,0,0
06-07-2016,17.4,7.625,12.5,0.6,0
07-07-2016,0,0,0,0,0
08-07-2016,0,0,0,0,0
09-07-2016,0,0,0,0,0
10-07-2016,2.5,0.975,0,1.4,0
11-07-2016,0,1.75,7,0,0
12-07-2016,0,1.875,5.5,2,0
13-07-2016,0,5.75,0,3,20
14-07-2016,1.8,7.95,0,0,30
15-07-2016,0,0,0,0,0
16-07-2016,0,0.125,0.5,0,0
17-07-2016,0,1.9,0,7.6,0
18-07-2016,10,16.95,35,7.8,15
19-07-2016,13.4,6.975,4.5,10,0
20-07-2016,0,1.75,0,0,7
21-07-2016,0,0,0,0,0
22-07-2016,11.8,13.25,35,1.2,5
23-07-2016,4,20.9,40,1.2,38.4
24-07-2016,2.4,2.95,0,9.4,0
25-07-2016,0,0.3,0,1.2,0
26-07-2016,0,3.625,14.5,0,0
27-07-2016,0,8.45,20,13.8,0
28-07-2016,1,0.4,0,0.6,0
29-07-2016,0,0,0,0,0
30-07-2016,0,7.45,5,24.8,0
31-07-2016,6.5,9.833333333,0,9.833333333,23
01-08-2016,16.2,42.875,88.5,12.8,54
02-08-2016,0,11.8,5,1.8,40.4
03-08-2016,0.4,2.6,1,3,6
04-08-2016,0,0.125,0.5,0,0
05-08-2016,0,4.25,0,1,16
06-08-2016,2,3,0,0,10
07-08-2016,33.5,44.675,32.5,52.7,60
08-08-2016,2,28.9,2,4.6,107
09-08-2016,0,0,0,0,0
10-08-2016,43.5,15.05,4.5,4.2,8
11-08-2016,0.7,4.35,4.5,4.2,8
12-08-2016,42.2,39.025,36.5,15.4,62
13-08-2016,4.2,12.275,37.5,7.4,0
14-08-2016,9.8,9.325,20.5,7,0
15-08-2016,0,0,0,0,0
16-08-2016,0,0,0,0,0
17-08-2016,0,0,0,0,0
18-08-2016,10,17.5,0,0,60
19-08-2016,0,0,0,0,0
20-08-2016,0.4,0.95,0,3.4,0
21-08-2016,40.7,14.5,2.3,3,12
22-08-2016,1.4,5.225,5.5,0,14
23-08-2016,13.2,13.35,12,13.2,15
24-08-2016,0.8,0.2,0,0,0
25-08-2016,0,0,0,0,0
26-08-2016,0,0,0,0,0
27-08-2016,10,12.8,31,6.2,4
28-08-2016,0,0,0,0,0
29-08-2016,0,0.25,0,1,0
30-08-2016,11.5,17.475,47,4.4,7
31-08-2016,0.5,0.125,0,0,0
01-09-2016,1,6.25,19,5,0
02-09-2016,7.5,24.5,80.5,0,10
03-09-2016,0,0,0,0,0
04-09-2016,0,0,0,0,0
05-09-2016,0,0,0,0,0
06-09-2016,0,0.75,3,0,0
07-09-2016,0,0.125,0.5,0,0
08-09-2016,0,0,0,0,0
09-09-2016,14.6,5.15,6,0,0
10-09-2016,2.7,1.025,0,1.4,0
11-09-2016,1,0.25,0,0,0
12-09-2016,0,11,5,0,39
13-09-2016,0,0,0,0,0
14-09-2016,9.2,3.55,0,0,5
15-09-2016,0,0,0,0,0
16-09-2016,0,0,0,0,0
17-09-2016,0,0,0,0,0
18-09-2016,0.5,0.125,0,0,0
19-09-2016,0,0,0,0,0
20-09-2016,0,0,0,0,0
21-09-2016,0,0,0,0,0
22-09-2016,1.7,1.425,3,1,0
23-09-2016,4,4.2,9,3.8,0
24-09-2016,0,0,0,0,0
25-09-2016,0,0,0,0,0
26-09-2016,0,0,0,0,0
27-09-2016,0,0,0,0,0
28-09-2016,0,0,0,0,0
29-09-2016,0,0,0,0,0
30-09-2016,0,0,0,0,0
01-10-2016,0,0,0,0,0
02-10-2016,0,2.5,10,0,0
03-10-2016,0,1,4,0,0
04-10-2016,0,0,0,0,0
05-10-2016,0,0,0,0,0
06-10-2016,10,10.125,30.5,0,0
07-10-2016,0,0,0,0,0
08-10-2016,0,0,0,0,0
09-10-2016,0,0,0,0,0
10-10-2016,0,0,0,0,0
11-10-2016,0,0,0,0,0
12-10-2016,0,0,0,0,0
13-10-2016,0,0,0,0,0
14-10-2016,0,0,0,0,0
15-10-2016,0,0,0,0,0
16-10-2016,0,0,0,0,0
17-10-2016,0,0,0,0,0
18-10-2016,0,0,0,0,0
19-10-2016,0,0,0,0,0
20-10-2016,0,0,0,0,0
21-10-2016,0,0,0,0,0
22-10-2016,0,0,0,0,0
23-10-2016,0,0,0,0,0
24-10-2016,0,0,0,0,0
25-10-2016,0,0,0,0,0
26-10-2016,0,0,0,0,0
27-10-2016,0,0,0,0,0
28-10-2016,0,0,0,0,0
29-10-2016,0,0,0,0,0
30-10-2016,0,0,0,0,0
31-10-2016,0,0,0,0,0
01-11-2016,0,0,0,0,0
02-11-2016,0,0,0,0,0
03-11-2016,0,0,0,0,0
04-11-2016,0,0,0,0,0
05-11-2016,0,0,0,0,0
06-11-2016,0,0,0,0,0
07-11-2016,0,0,0,0,0
08-11-2016,0,0,0,0,0
09-11-2016,0,0,0,0,0
10-11-2016,0,0,0,0,0
11-11-2016,0,0,0,0,0
12-11-2016,0,0,0,0,0
13-11-2016,0,0,0,0,0
14-11-2016,0,0,0,0,0
15-11-2016,0,0,0,0,0
16-11-2016,0,0,0,0,0
17-11-2016,0,0,0,0,0
18-11-2016,0,0,0,0,0
19-11-2016,0,0,0,0,0
20-11-2016,0,0,0,0,0
21-11-2016,0,0,0,0,0
22-11-2016,0,0,0,0,0
23-11-2016,0,0,0,0,0
24-11-2016,0,0,0,0,0
25-11-2016,0,0,0,0,0
26-11-2016,0,0,0,0,0
27-11-2016,0,0,0,0,0
28-11-2016,0,0,0,0,0
29-11-2016,0,0,0,0,0
30-11-2016,0,0,0,0,0
01-12-2016,0,0,0,0,0
02-12-2016,0,0,0,0,0
03-12-2016,0,0,0,0,0
04-12-2016,0,0,0,0,0
05-12-2016,0,0,0,0,0
06-12-2016,0,0,0,0,0
07-12-2016,0,0,0,0,0
08-12-2016,0,0,0,0,0
09-12-2016,0,0,0,0,0
10-12-2016,0,0,0,0,0
11-12-2016,0,0,0,0,0
12-12-2016,0,0,0,0,0
13-12-2016,0,0,0,0,0
14-12-2016,0,0,0,0,0
15-12-2016,0,0,0,0,0
16-12-2016,0,0,0,0,0
17-12-2016,0,0,0,0,0
18-12-2016,0,0,0,0,0
19-12-2016,0,0,0,0,0
20-12-2016,0,0,0,0,0
21-12-2016,0,0,0,0,0
22-12-2016,0,0,0,0,0
23-12-2016,0,0,0,0,0
24-12-2016,0,0,0,0,0
25-12-2016,1.2,0.2,10.5,5.8,0
26-12-2016,6.5,0,0,2.8,0
27-12-2016,0,0,0,0,0
28-12-2016,0,0,0,0,0
29-12-2016,0,0,0,0,0
30-12-2016,0,0,0,0,0
31-12-2016,0,0,0,0,0
01-01-2017,0,0,0,0,0
02-01-2017,0,0,0,0,0
03-01-2017,0,0,0,0,0
04-01-2017,0,0,0,0,0
05-01-2017,0,0,0,0,0
06-01-2017,0,0,0,0,0
07-01-2017,58,193,66.5,38.4,0
08-01-2017,23.3,0,30.5,30.2,0
09-01-2017,0,0,2.5,0,0
10-01-2017,0,0,0,0,0
11-01-2017,0,0,0,0,0
12-01-2017,0,0,0,0,0
13-01-2017,0,0,0,0,0
14-01-2017,0,0,0,0,0
15-01-2017,0,0,0,0,0
16-01-2017,12.5,44.3,9,6.2,0
17-01-2017,1,0,0,2.8,0
18-01-2017,0,0,0,0,0
19-01-2017,0,0,0,0,0
20-01-2017,0,0,0,0,0
21-01-2017,0,0,0,0,0
22-01-2017,0,0,0,1.6,0
23-01-2017,0,0,0,0,0
24-01-2017,0,0,0,0,13.1
25-01-2017,0,0,0,0,0
26-01-2017,29.8,25.1,22.5,21.4,0
27-01-2017,55,33,57,20.8,0
28-01-2017,0,0,0,0,0
29-01-2017,0,0,0,0,0
30-01-2017,0,0,0,0,0
31-01-2017,0,0,0,1,0
01-02-2017,0,0,0,0,0
02-02-2017,0,0,0,0,0
03-02-2017,0,0,0,0,0
04-02-2017,0,0,0,0,0
05-02-2017,0.6,8,0,4.6,0
06-02-2017,0.2,0,0,0,0
07-02-2017,0,0,0,0,0
08-02-2017,0,0,0,0,0
09-02-2017,0,0,0,0,0
10-02-2017,0,0,0,0,0
11-02-2017,0,0,0,0,0
12-02-2017,0,0,0,0,0
13-02-2017,0,0,0,0,0
14-02-2017,0,0,0,0,0
15-02-2017,0,0,0,0,0
16-02-2017,0,0,0,0,0
17-02-2017,0,0,0,0,0
18-02-2017,0,0,0,0,0
19-02-2017,0,0,0,0,0
20-02-2017,0,0,0,0,0
21-02-2017,1,0,0,0.8,5
22-02-2017,0.4,6,0,2.2,10
23-02-2017,0,0,0,0,0
24-02-2017,0,0,0,0,0
25-02-2017,0,0,0,0,0
26-02-2017,0,0,0,0,0
27-02-2017,0,0,0,0,0
28-02-2017,0,0,0,0,0
01-03-2017,0,0,0,0,0
02-03-2017,0,0,0,0,0
03-03-2017,0,0,0,0,0
04-03-2017,0,0,0,0,0
05-03-2017,0,0,0,0,0
06-03-2017,0,0,0,0,0
07-03-2017,0,0,0,0,0
08-03-2017,1.5,5.5,5.5,3,0
09-03-2017,6,12,5,10,6
10-03-2017,19,7,6,2.5,27
11-03-2017,1.8,5,14.5,15.3,5
12-03-2017,0.5,0,0,1.2,0
13-03-2017,0,0,0,0,0
14-03-2017,0,0,0,0,0
15-03-2017,0,0,0,0,0
16-03-2017,0,0,0,0,0
17-03-2017,3.8,2,1,1,2
18-03-2017,0,0,0,0,0
19-03-2017,0,0,0,0,0
20-03-2017,0.5,0,0,0,0
21-03-2017,0,0,0,0,0
22-03-2017,0,0,0,0,0
23-03-2017,0,0,0,0,0
24-03-2017,0,0,0,0,0
25-03-2017,0,0,0,0,0
26-03-2017,0,0,0,0,0
27-03-2017,0,0,0,0,0
28-03-2017,0,0,0,0,0
29-03-2017,0,0,0,0,0
30-03-2017,0,0,0,0,0
31-03-2017,0,0,0,0,0
01-04-2017,0,0,0,0,0
02-04-2017,0,0,0,0,0
03-04-2017,0,0,0,0,0
04-04-2017,0,0,0,0,0
05-04-2017,0.2,0,0,8.6,5
06-04-2017,25.2,12,11,11.2,31
07-04-2017,1,0,5,0,10
08-04-2017,0,0,0,0,0
09-04-2017,0,0,0,0,0
10-04-2017,0,0,0,0,0
11-04-2017,0,0,0,0,0
12-04-2017,0,0,0,0,0
13-04-2017,0,0,0,0,0
14-04-2017,0,0,0,0,0
15-04-2017,0,0,0,0,0
16-04-2017,0,0,0,0,0
17-04-2017,0,0,0,0,0
18-04-2017,0,0,0,0,0
19-04-2017,0,0,0,0,0
20-04-2017,0,0,0,0,0
21-04-2017,0,0,0,0,0
22-04-2017,2.8,4.5,2.5,2.8,2
23-04-2017,3.5,2,0,4,0
24-04-2017,4.8,5,2.5,4.2,6.5
25-04-2017,0,0,0,0,0
26-04-2017,0,0,0,0,0
27-04-2017,2,2.2,0,2.4,5.2
28-04-2017,0,0,0,0,0
29-04-2017,0,3.5,0,0.6,0
30-04-2017,1.5,25.1,13,24,1
01-05-2017,3,0,0,6.4,0
02-05-2017,0,0,0,0,0
03-05-2017,0,0,0,0,0
04-05-2017,0,0,0,0,0
05-05-2017,0,0,0,0,0
06-05-2017,0,0,0,0,0
07-05-2017,0,0,0,0,0
08-05-2017,0,0,0,0,0
09-05-2017,0,0,0,0,0
10-05-2017,0.7,0,0,0,5
11-05-2017,0.5,0,0,0,7.2
12-05-2017,0,0,0,0,0
13-05-2017,0,0,0,46.2,0
14-05-2017,0,0,0,0,0
15-05-2017,0,0,0,0,0
16-05-2017,0,0,0,0,0
17-05-2017,0,0,0,1,0
18-05-2017,0,0,0.5,0,0
19-05-2017,0,3.5,0,18,36
20-05-2017,1.2,26.3,1,9,9.375
21-05-2017,0,0,0,1.8,0
22-05-2017,0,2.5,1.5,5.2,0
23-05-2017,0,0,0,0,0
24-05-2017,0,0,0,0,10
25-05-2017,0,0,0,0,0
26-05-2017,0,0,0,0,0
27-05-2017,0.4,14.9,0,2.6,0
28-05-2017,0,0,0,0,0
29-05-2017,1.5,0,0,0,0
30-05-2017,0,0,3,0,48
31-05-2017,9.7,20.1,18.5,10.2,41.8
01-06-2017,0,0,0,0,0
02-06-2017,0,0,0,0,0
03-06-2017,0,0,0,0,0
04-06-2017,0,0,0,0,0
05-06-2017,0,0,0,0,0
06-06-2017,0,0,0,0,0
07-06-2017,31,41.6,30,32,45.2
08-06-2017,4.5,0,6,7.6,0
09-06-2017,0,0,0,0,0
10-06-2017,23.8,0,24.5,8.2,0
11-06-2017,0,17.1,0,8.8,0
12-06-2017,0,0,0,0,0
13-06-2017,0,0,0,0,0
14-06-2017,0,0,0,0,0
15-06-2017,4.6,0,0,0,3.3
16-06-2017,0,0,0,2.6,0
17-06-2017,0,4.3,0,3,0
18-06-2017,0,57,29,0,0
19-06-2017,0,0,0,6.3,14.2
20-06-2017,2.8,0,4,18.2,27.8
21-06-2017,2,0,22.5,0,1.3
22-06-2017,0.3,9.5,15.5,58.3,19
23-06-2017,0.5,0,24.5,0,6.25
24-06-2017,0,0,0,0,0
25-06-2017,0,0,0,0,0
26-06-2017,0,0,0,10,0
27-06-2017,0,5.5,0,6.2,0
28-06-2017,0,29,0.5,2,0
29-06-2017,15.4,36.4,14,27.4,9.1
30-06-2017,1.3,32,0,6.4,0.3
01-07-2017,4.7,0,0,0,0
02-07-2017,40.5,18,0,13.8,21.8
03-07-2017,0,0,0,0,4
04-07-2017,0,0,0,0,0
05-07-2017,0,0,0,0,0
06-07-2017,0.2,0,30,0,0
07-07-2017,3.2,9,21,3,0
08-07-2017,0,0,0,1.8,0
09-07-2017,0,0,0,0,0
10-07-2017,20,6.9,23.5,7.4,13.6
11-07-2017,12,41.9,4.5,5,64.2
12-07-2017,17.5,32.3,9.5,31,47.8
13-07-2017,0,6.2,0,1.6,1.95
14-07-2017,0,0,0,0,0
15-07-2017,0,0,0,0,0
16-07-2017,0,0,0,0,0
17-07-2017,0,0,0,0,0
18-07-2017,10,56,22,14.4,0
19-07-2017,0,0,1.5,0,0
20-07-2017,0,0,0,0,0
21-07-2017,6.8,0,0,0,30
22-07-2017,0,0,5.5,22.8,17
23-07-2017,7.7,0,0,1.2,42
24-07-2017,3.5,14.2,1.5,23,25.1
25-07-2017,3.5,0,2,6,10.8
26-07-2017,0,6.3,2.5,0,1.8
27-07-2017,54.7,0,0,0,2
28-07-2017,0,4,1.5,3.4,0
29-07-2017,0,12,1,7.7,2.2
30-07-2017,0,26,0.5,6.2,9.4
31-07-2017,1.4,23.4,13,14,7.1
01-08-2017,13.2,0,3,1.2,3.8
02-08-2017,20,9,30.5,0,4
03-08-2017,18.5,0,5.5,1.8,7
04-08-2017,29,62.5,16,55,58.4
05-08-2017,51.5,8,172,52.6,20.6
06-08-2017,8,58,30,8,0
07-08-2017,0.5,0,4.5,12.2,5.8
08-08-2017,2.8,0,13.5,10.2,36
09-08-2017,6.8,0,7,1.8,5.6
10-08-2017,0,0,0,1,0
11-08-2017,18.2,2.5,0.3,16,9.8
12-08-2017,8.5,12,13.5,14.6,0
13-08-2017,8.7,0,0,0,0
14-08-2017,22.2,4.5,39,9,34.1
15-08-2017,0,0,6.5,0,2
16-08-2017,0,0,0,0,0
17-08-2017,1,0,0,0,0
18-08-2017,0,0,1,0,0
19-08-2017,3,8.3,1.5,5,2.1
20-08-2017,37.7,6.5,45,43.8,56.4
21-08-2017,0,2,7,1.4,0
22-08-2017,5,0,2.5,3.8,4.2
23-08-2017,0,0,0,0,0
24-08-2017,87.5,0,1.5,0.8,58.4
25-08-2017,0,0,0,0,0
26-08-2017,28.8,9.5,37,0,38.8
27-08-2017,0,0,0,0,0
28-08-2017,0,0,0,0,0
29-08-2017,1.3,0,3,2.4,3.2
30-08-2017,4.5,5.5,3.5,3.6,0
31-08-2017,0,0,0,1.8,0
01-09-2017,12.5,7.5,11.5,7.6,66.8
02-09-2017,39,15,10,9.8,47.8
03-09-2017,1,0,0,0,0
04-09-2017,0,0,13,0,0
05-09-2017,0,0,0,0,0
06-09-2017,0,0,0,0,0
07-09-2017,1.7,0,1,11.8,0
08-09-2017,2,0,20.5,10.8,34.6
09-09-2017,0,0,0,0,0
10-09-2017,0,0,0,0,0
11-09-2017,0,0,0,0,0
12-09-2017,0,0,0,0,0
13-09-2017,0,0,0,0,0
14-09-2017,0,0,0,0,0
15-09-2017,0,0,0,0,0
16-09-2017,0,0,0,0,0
17-09-2017,0,0,0,1,0
18-09-2017,0,0,0,0,0
19-09-2017,0,0,0,0,0
20-09-2017,0,0,0,0,0
21-09-2017,0,0,0,0,0
22-09-2017,0,0,0,0,0
23-09-2017,61.7,35,29.5,35,31.8
24-09-2017,33.8,13,34,50.6,28.5
25-09-2017,0,0,0,0,0
26-09-2017,0,0,0,0,0
27-09-2017,0,0,0,0,0
28-09-2017,0,0,0,0,0
29-09-2017,4.8,0,0,7.2,0
30-09-2017,0,0,0,0,0
01-10-2017,0,0,0,0,0
02-10-2017,0,0,0,0,0
03-10-2017,0,0,0,0,0
04-10-2017,0,0,0,0,0
05-10-2017,0,0,0,0,0
06-10-2017,0,0,0,0,0
07-10-2017,0,0,0,0,0
08-10-2017,0,0,0,0,0
09-10-2017,0,0,0,0,0
10-10-2017,0,0,0,0,0
11-10-2017,0,0,0,0,0
12-10-2017,0,0,0,0,0
13-10-2017,0,0,0,0,0
14-10-2017,0,0,0,0,0
15-10-2017,0,0,0,0,0
16-10-2017,0,0,0,0,0
17-10-2017,0,0,0,0,0
18-10-2017,0,0,0,0,0
19-10-2017,0,0,0,0,0
20-10-2017,0,0,0,0,0
21-10-2017,0,0,0,0,0
22-10-2017,0,0,0,0,0
23-10-2017,0,0,0,0,0
24-10-2017,0,0,0,0,0
25-10-2017,0,0,0,0,0
26-10-2017,0,0,0,0,0
27-10-2017,0,0,0,0,0
28-10-2017,0,0,0,0,0
29-10-2017,0,0,0,0,0
30-10-2017,0,0,0,0,0
31-10-2017,0,0,0,0,0
01-11-2017,0,0,0,0,0
02-11-2017,0,0,0,0,0
03-11-2017,0,0,0,0,0
04-11-2017,0,0,0,0,0
05-11-2017,0,0,0,0,0
06-11-2017,0,0,0,0,0
07-11-2017,0,0,0,0,0
08-11-2017,0,0,0,0,0
09-11-2017,0,0,0,0,0
10-11-2017,0,0,0,0,0
11-11-2017,0,0,0,0,0
12-11-2017,0,0,0,0,0
13-11-2017,0,0,0,0,0
14-11-2017,0,0,0,0,0
15-11-2017,0,0,0,0,0
16-11-2017,0,0,0,0,0
17-11-2017,0,0,0,0,0
18-11-2017,0.8,0,0.5,1.2,1.2
19-11-2017,0.4,0,0,0,0
20-11-2017,0,0,0,0,0
21-11-2017,0,0,0,0,0
22-11-2017,0,0,0,0,0
23-11-2017,0,0,0,0,0
24-11-2017,0,0,0,0,0
25-11-2017,0,0,0,0,0
26-11-2017,0,0,0,0,0
27-11-2017,0,0,0,0,0
28-11-2017,0,0,0,0,0
29-11-2017,0,0,0,0,0
30-11-2017,0,0,0,0,0
01-12-2017,0,0,0,0,0
02-12-2017,0,0,0,0,0
03-12-2017,0,0,0,0,0
04-12-2017,0,0,0,0,0
05-12-2017,0,0,0,0,0
06-12-2017,0,0,0,0,0
07-12-2017,0,0,0,0,0
08-12-2017,0,0,0,0,0
09-12-2017,0,0,0,0,0
10-12-2017,0,0,0,0,0
11-12-2017,0,0,0,0,0
12-12-2017,25.8,5.5,44,15.2,32.4
13-12-2017,12.8,3.9,0.5,4.2,4.2
14-12-2017,0,0,0,0,0
15-12-2017,0,0,0,0,0
16-12-2017,0,0,0,0,0
17-12-2017,0,0,0,0,0
18-12-2017,0,0,0,0,0
19-12-2017,0,0,0,0,0
20-12-2017,0,0,0,0,0
21-12-2017,0,0,0,0,0
22-12-2017,0,0,0,0,0
23-12-2017,0,0,0,0,0
24-12-2017,0,0,0,0,0
25-12-2017,0,0,0,0,0
26-12-2017,0,0,0,0,0
27-12-2017,0,0,0,0,0
28-12-2017,0,0,0,0,0
29-12-2017,0,0,0,0,0
30-12-2017,0,0,0,0,0
31-12-2017,0,0,0,0,0
01-01-2018,0,0,0,0,0
02-01-2018,0,2.5,0,0,0
03-01-2018,0,0,0,0,0
04-01-2018,0,0,0,0,0
05-01-2018,0,0,0,0,0
06-01-2018,0,0,0,0,0
07-01-2018,0,0,0,0,0
08-01-2018,0,0,0,0,0
09-01-2018,0,0,0,0,0
10-01-2018,0,0,0,0,0
11-01-2018,0,0,0,0,0
12-01-2018,0,0,0,0,0
13-01-2018,0,0,0,0,0
14-01-2018,0,0,0,0,0
15-01-2018,0,0,0,0,0
16-01-2018,0,0,0,0,0
17-01-2018,0,0,0,0,0
18-01-2018,0,0,0,0,0
19-01-2018,0,0,0,0,0
20-01-2018,0,0,0,0,0
21-01-2018,0,0,0,0,0
22-01-2018,0,0,0,0,0
23-01-2018,0,0,0,0,0
24-01-2018,15.4,5.6,13.5,18,13.1
25-01-2018,0,0,0,0,0
26-01-2018,0,0,0,0,0
27-01-2018,0,0,0,0,0
28-01-2018,0,0,0,0,0
29-01-2018,0,0,0,0,0
30-01-2018,0,0,0,0,0
31-01-2018,0,0,0,0,0
01-02-2018,0,0,0,0,0
02-02-2018,0,0,0,0,0
03-02-2018,0,0,0,0,0
04-02-2018,0,0,0,0,0
05-02-2018,0,0,0,0,0
06-02-2018,0,0,0,0,0
07-02-2018,0,0,0,0,0
08-02-2018,0,0,0,0,0
09-02-2018,0,0,0,0,0
10-02-2018,0,0,0,0,0
11-02-2018,0,0,0,0,0
12-02-2018,13.5,8.5,28.4,21,9.4
13-02-2018,24.2,13,5.5,11.4,18.1
14-02-2018,0,0,0,4.2,0
15-02-2018,0,0,0,0,0
16-02-2018,0,0,0,0,0
17-02-2018,0,0,0,0,0
18-02-2018,0,0,0,0,0
19-02-2018,0,0,0,0,0
20-02-2018,0,0,0,0,0
21-02-2018,0,0,0,0,0
22-02-2018,0,0,0,0,0
23-02-2018,0,0,0,0,0
24-02-2018,0,0,0,0,0
25-02-2018,0.5,3.5,12.5,13.6,2.5
26-02-2018,0,0,0,0,0
27-02-2018,0,0,0,0,0
28-02-2018,0,0,0,0,0
01-03-2018,0,0,0,0,0
02-03-2018,0,0,0,0,0
03-03-2018,1.6,0,0,1,0
04-03-2018,0,0,2.5,3,5
05-03-2018,0,0,0,0,0
06-03-2018,0,0,0,0,0
07-03-2018,0,0,0,0,0
08-03-2018,0,0,0,0,0
09-03-2018,0,0,0,0,0
10-03-2018,0,0,0,0,0
11-03-2018,0,0,0,0,0
12-03-2018,0,0,0,0,0
13-03-2018,0,0,0,0,0
14-03-2018,0,0,0,0,0
15-03-2018,0,0,0,0,0
16-03-2018,3.8,0,0,0,0
17-03-2018,0,0,0,0,0
18-03-2018,0,0,0,0,0
19-03-2018,0,0,0,0,0
20-03-2018,0,0,0,0,0
21-03-2018,0.2,0.425,0.5,1,0
22-03-2018,11,9.3,3.5,5.2,6.8
23-03-2018,0,0,0,7.2,0
24-03-2018,0,0,0,0,0
25-03-2018,0,0,0,0,0
26-03-2018,0,0,0,0,0
27-03-2018,0,0,0,0,0
28-03-2018,0,0,0,0,0
29-03-2018,0,0,0,0,0
30-03-2018,0,0,0,0,0
31-03-2018,0,0,0,0,0
01-04-2018,0,0,0,0,0
02-04-2018,0,0,0,0,0
03-04-2018,0,0,0,0,0
04-04-2018,0,0,0,0,0
05-04-2018,0,0,0,0,0
06-04-2018,0,0,0,0,0
07-04-2018,0,0,0,0,0
08-04-2018,0.7,7,7.5,0,8.7
09-04-2018,7.5,26,8.5,18.2,15.2
10-04-2018,0,0,2,3.8,0
11-04-2018,10,22,9,7.1,13.6
12-04-2018,0.8,0,2.5,2,1.2
13-04-2018,0,0,0,0,0
14-04-2018,0,0,0,0,0
15-04-2018,0,0,0,0,0
16-04-2018,0.5,0,0,1.2,0
17-04-2018,0,5.3,3,0.4,0
18-04-2018,0,0,0,0,0
19-04-2018,0,0,0,0,0
20-04-2018,0,0,3.5,4.6,0
21-04-2018,3.8,7.2,2,0,2.8
22-04-2018,0,0,0,0,0
23-04-2018,0,0,0,0,0
24-04-2018,0,0,0,0,0
25-04-2018,0,0,0,0,0
26-04-2018,0,0,0,0,0
27-04-2018,0,0,0,0,0
28-04-2018,7.5,2.1,7,0,0
29-04-2018,4,0,1,2.3,13.6
30-04-2018,0,0,0,0,0
01-05-2018,0,0,0,0,0
02-05-2018,0,0,0,0,0
03-05-2018,9.7,0,23,2.4,8.775
04-05-2018,0,0,0,0,0
05-05-2018,0,2.2,0,0,0.55
06-05-2018,0.8,7,0,0,1.95
07-05-2018,0.3,3.2,1.5,3,2
08-05-2018,1.8,0,0.5,0,0.575
09-05-2018,1.7,34.3,12.5,15.6,16.025
10-05-2018,0,0,0,0,0
11-05-2018,0,0,0,0,0
12-05-2018,0,0,0,0,0
13-05-2018,1.4,0,0,0.9,0.575
14-05-2018,1.2,2.3,4,33,10.125
15-05-2018,0,0,0,0,0
16-05-2018,0,0,0,0,0
17-05-2018,0,0,0,0,0
18-05-2018,0,0,0,0,0
19-05-2018,0,0,0,0,0
20-05-2018,0,0,0,0,0
21-05-2018,0,0,0,0,0
22-05-2018,0,0,0,0,0
23-05-2018,0,0,0,0,0
24-05-2018,0,0,0,0,0
25-05-2018,0,0,0,0,0
26-05-2018,0,0,0,0,0
27-05-2018,0,0,0,0,0
28-05-2018,0,0,0,0,0
29-05-2018,0,0,0,0,0
30-05-2018,0,0,0,0,0
31-05-2018,0,0,0,0,0
01-06-2018,0,0,0,0,0
02-06-2018,10.5,7.5,11,13.8,10.7
03-06-2018,0,0,0,0,0
04-06-2018,0,0,0,0,0
05-06-2018,17.4,0,0,0,4.35
06-06-2018,1.6,5,13,69,22.15
07-06-2018,0,0,0,0,0
08-06-2018,0,0,0,0,0
09-06-2018,19.2,14.73333333,0,25,14.73333333
10-06-2018,1,0,0,0,0.25
11-06-2018,1,0,0.5,1,0.625
12-06-2018,0,0,0,0,0
13-06-2018,0,0,0,0,0
14-06-2018,0,0,0,0,0
15-06-2018,0,0,0,0,0
16-06-2018,10.4,65.3,4.5,12,23.05
17-06-2018,3.5,5,7.5,16.6,8.15
18-06-2018,3.4,0,0,0.6,1
19-06-2018,0,0,0,0,0
20-06-2018,0,0,0,0,0
21-06-2018,0,0,0,15,3.75
22-06-2018,0,0,0,0,0
23-06-2018,0,0,0,0,0
24-06-2018,0,0,0,0,0
25-06-2018,0,0,0,0,0
26-06-2018,0,0,0,0,0
27-06-2018,0,0,0,1,0.25
28-06-2018,20,6.4,10.5,34,17.725
29-06-2018,0.5,0,8,1.2,2.425
30-06-2018,0.2,0,1.5,0,0.425
01-07-2018,1.5,0,0,0,0.375
02-07-2018,0,0,3.5,1.4,1.225
03-07-2018,68,13.5,60,38,44.875
04-07-2018,13.5,9.6,16,15.4,13.625
05-07-2018,0,0,2,0,0.5
06-07-2018,0,0,0,0,0
07-07-2018,0,0,0,0,0
08-07-2018,0,0,0,0,0
09-07-2018,0,0,0,0,0
10-07-2018,6.2,2.5,8.5,2.6,4.95
11-07-2018,18,0,8,1.2,6.8
12-07-2018,1.8,0,40.5,0,10.575
13-07-2018,11.4,0,24,1.4,9.2
14-07-2018,5.5,0,6,2,3.375
15-07-2018,4,0,0,30.2,8.55
16-07-2018,20,0,7,0.6,6.9
17-07-2018,1.2,2.5,1,0.6,1.325
18-07-2018,1,6.3,4.5,0,2.95
19-07-2018,2.5,13,7,9.6,8.025
20-07-2018,0,0,37.5,0,9.375
21-07-2018,6.2,0,6,1,3.3
22-07-2018,8.5,50.4,14,12.4,21.325
23-07-2018,0,0,4,6.4,2.6
24-07-2018,97,39.2,11,3,37.55
25-07-2018,5.6,0,2.5,1,2.275
26-07-2018,11.5,13.3,14,15.4,13.55
27-07-2018,23,19.3,71,100.4,53.425
28-07-2018,5.2,38,55.5,76.4,43.775
29-07-2018,0,0,2,21,5.75
30-07-2018,0,0,0,0,0
31-07-2018,0,0,0,0,0
01-08-2018,4.2,0,1,0,1.3
02-08-2018,0,0,0,0,0
03-08-2018,0.2,0,0.5,0,0.175
04-08-2018,21.8,0,1.5,0,5.825
05-08-2018,19,0,0,0,4.75
06-08-2018,32,34,22.5,25.4,28.475
07-08-2018,26.2,73.1,22,20.2,35.375
08-08-2018,1.4,3.5,0.1,1,1.5
09-08-2018,2.4,0,0,0,0.6
10-08-2018,1,0,0.5,0,0.375
11-08-2018,0,0,0,0,0
12-08-2018,67.6,45,40,2.2,38.7
13-08-2018,183,116.1,117,129.2,136.325
14-08-2018,8.7,0,45.5,34.4,22.15
15-08-2018,0,0,0,0,0
16-08-2018,0,0,0,0,0
17-08-2018,0,0,0,0,0
18-08-2018,0,0,34,0,8.5
19-08-2018,0,0,0,0,0
20-08-2018,0,0,0,0,0
21-08-2018,0,5.3,6,3,3.575
22-08-2018,0,0,0,0,0
23-08-2018,2,0,0,0,0.5
24-08-2018,29.8,0,4.5,0,8.575
25-08-2018,20,0,6.5,1.2,6.925
26-08-2018,0,0,17,0,4.25
27-08-2018,0,0,0,0,0
28-08-2018,0,0,2.5,0,0.625
29-08-2018,4.7,3.5,8,0,4.05
30-08-2018,0,0,0,0,0
31-08-2018,1.2,0,0,0,0.3
01-09-2018,3,0,0,0,0.75
02-09-2018,6.2,0,0,1.4,1.9
03-09-2018,2.8,2.5,5,17.6,6.975
04-09-2018,1.1,0,4,0,1.275
05-09-2018,0,0,83,7.3,22.575
06-09-2018,0,0,0,0,0
07-09-2018,14.8,0,27.6,0,10.6
08-09-2018,4.8,0,15.5,4,6.075
09-09-2018,0.8,0,0,0,0.2
10-09-2018,0.8,0,4.5,4.2,2.375
11-09-2018,15.8,0,13.5,0,7.325
12-09-2018,0,0,1,0,0.25
13-09-2018,8.7,6.3,28,26.4,17.35
14-09-2018,11,2.5,1,0,3.625
15-09-2018,0,0,0,0,0
16-09-2018,0,0,0,0,0
17-09-2018,0,0,0,0,0
18-09-2018,0,0,0,0,0
19-09-2018,0,0,0,0,0
20-09-2018,0,0,0,0,0
21-09-2018,0,0,0,0,0
22-09-2018,5.5,41.5,10,50.4,26.85
23-09-2018,76.2,57,105,49.4,71.9
24-09-2018,12,29.2,20,24,21.3
25-09-2018,59.3,48.5,127.5,39.6,68.725
26-09-2018,0,0,0,0,0
27-09-2018,0,0,0,0,0
28-09-2018,1.2,0,1.5,0,0.675
29-09-2018,0,0,0,0,0
30-09-2018,0,0,0,0,0
01-10-2018,0,0,0,0,0
02-10-2018,0,0,0,0,0
03-10-2018,0,0,0,0,0
04-10-2018,0,0,0,0,0
05-10-2018,0,0,0,0,0
06-10-2018,0,0,0,0,0
07-10-2018,0,0,0,0,0
08-10-2018,0,0,0,0,0
09-10-2018,0,0,0,0,0
10-10-2018,0,0,0,0,0
11-10-2018,7,3.3,1.5,1.6,3.35
12-10-2018,0,0,1,1,0.5
13-10-2018,0,0,0,0,0
14-10-2018,0,0,0,0,0
15-10-2018,0,0,0,0,0
16-10-2018,0,0,0,0,0
17-10-2018,0,0,0,0,0
18-10-2018,0,0,0,0,0
19-10-2018,0,0,0,0,0
20-10-2018,0,0,0,0,0
21-10-2018,0,0,0,0,0
22-10-2018,0,0,0,0,0
23-10-2018,0,0,0,0,0
24-10-2018,0,0,0,0,0
25-10-2018,0,0,0,0,0
26-10-2018,0,0,0,0,0
27-10-2018,0,0,0,0,0
28-10-2018,0,0,0,0,0
29-10-2018,0,0,0,0,0
30-10-2018,0,0,0,0,0
31-10-2018,0,0,0,0,0
01-11-2018,0,0,0,0,0
02-11-2018,0,0,0,0,0
03-11-2018,4.8,6.3,0,1.4,3.125
04-11-2018,8.6,36,2.5,7.6,13.675
05-11-2018,0,0,0,0,0
06-11-2018,0,0,0,0,0
07-11-2018,0,0,0,0,0
08-11-2018,0,0,0,0,0
09-11-2018,0,0,0,0,0
10-11-2018,0,0,0,0,0
11-11-2018,0,0,0,0,0
12-11-2018,0,0,0,0,0
13-11-2018,0,0,0,0,0
14-11-2018,0,0,0,0,0
15-11-2018,18.6,7.5,18.5,15.8,15.1
16-11-2018,0,0,0,0,0
17-11-2018,0,0,0,0,0
18-11-2018,0,0,0,0,0
19-11-2018,0,0,0,0,0
20-11-2018,0,0,0,0,0
21-11-2018,0,0,0,0,0
22-11-2018,0,0,0,0,0
23-11-2018,0,0,0,0,0
24-11-2018,0,0,0,0,0
25-11-2018,0,0,0,0,0
26-11-2018,0,0,0,0,0
27-11-2018,0,0,0,0,0
28-11-2018,0,0,0,0,0
29-11-2018,0,0,0,0,0
30-11-2018,0,0,0,0,0
01-12-2018,0,0,0,0,0
02-12-2018,0,0,0,0,0
03-12-2018,0,0,0,0,0
04-12-2018,0,0,0,0,0
05-12-2018,0,0,0,0,0
06-12-2018,0,0,0,0,0
07-12-2018,0,0,0,0,0
08-12-2018,0,0,0,0,0
09-12-2018,0,0,0,0,0
10-12-2018,0,0,0,0,0
11-12-2018,0,0,0,0,0
12-12-2018,0,5.3,2,16.4,5.925
13-12-2018,4.6,2,5,3,3.65
14-12-2018,2.6,0,0.5,2.2,1.325
15-12-2018,0,0,0,0,0
16-12-2018,0,0,0,0,0
17-12-2018,0,0,0,0,0
18-12-2018,0,0,0,0,0
19-12-2018,0,0,0,0,0
20-12-2018,0,0,0,0,0
21-12-2018,0,0,0,0,0
22-12-2018,0,0,0,0,0
23-12-2018,0,0,0,0,0
24-12-2018,0,0,0,0,0
25-12-2018,0,0,0,0,0
26-12-2018,0,0,0,0,0
27-12-2018,0,0,0,0,0
28-12-2018,0,0,0,0,0
29-12-2018,0,0,0,0,0
30-12-2018,0,0,0,0,0
31-12-2018,0,0,0,0,0
